HabDat_ID,Decay_Class,Raw_count,Count,Species
H-CC-0002,Class2,0,0,NA
H-CC-0002,Class3,0,0,NA
H-CC-0002,Class4,0,0,NA
H-CC-0002,Class5,0,0,NA
H-CC-0002,Class6,0,0,NA
H-CC-0002,Class7,0,0,NA
H-CC-0002,Class8,0,0,NA
H-CC-0003,Class2,0,0,NA
H-CC-0003,Class3,1Acb,1,Acb
H-CC-0003,Class4,1 Acb,1, Acb
H-CC-0003,Class5,0,0,NA
H-CC-0003,Class6,0,0,NA
H-CC-0003,Class7,0,0,NA
H-CC-0003,Class8,0,0,NA
H-CC-0007,Class2,1 Acb,1, Acb
H-CC-0007,Class3,0,0,NA
H-CC-0007,Class4,0,0,NA
H-CC-0007,Class5,0,0,NA
H-CC-0007,Class6,0,0,NA
H-CC-0007,Class7,0,0,NA
H-CC-0007,Class8,0,0,NA
H-CC-0013,Class2,0,0,NA
H-CC-0013,Class3,0,0,NA
H-CC-0013,Class4,0,0,NA
H-CC-0013,Class5,0,0,NA
H-CC-0013,Class6,0,0,NA
H-CC-0013,Class7,0,0,NA
H-CC-0013,Class8,0,0,NA
H-CC-0015,Class2,1 Acb,1, Acb
H-CC-0015,Class3,0,0,NA
H-CC-0015,Class4,1 Acb,1, Acb
H-CC-0015,Class5,0,0,NA
H-CC-0015,Class6,0,0,NA
H-CC-0015,Class7,0,0,NA
H-CC-0015,Class8,0,0,NA
H-HR-0002,Class2,1D,1,Acb
H-HR-0002,Class3,0,0,NA
H-HR-0002,Class4,1D,1,Acb
H-HR-0002,Class5,0,0,NA
H-HR-0002,Class6,0,0,NA
H-HR-0002,Class7,0,0,NA
H-HR-0002,Class8,1C,1,Sw
H-HR-0004,Class2,0,0,NA
H-HR-0004,Class3,0,0,NA
H-HR-0004,Class4,0,0,NA
H-HR-0004,Class5,0,0,NA
H-HR-0004,Class6,0,0,NA
H-HR-0004,Class7,0,0,NA
H-HR-0004,Class8,0,0,NA
H-HR-0006,Class2,0,0,NA
H-HR-0006,Class3,0,0,NA
H-HR-0006,Class4,0,0,NA
H-HR-0006,Class5,0,0,NA
H-HR-0006,Class6,0,0,NA
H-HR-0006,Class7,2D,2,Acb
H-HR-0006,Class8,0,0,NA
H-HR-0007,Class2,0,0,NA
H-HR-0007,Class3,0,0,NA
H-HR-0007,Class4,0,0,NA
H-HR-0007,Class5,0,0,NA
H-HR-0007,Class6,0,0,NA
H-HR-0007,Class7,0,0,NA
H-HR-0007,Class8,0,0,NA
H-HR-0008,Class2,0,0,NA
H-HR-0008,Class3,0,0,NA
H-HR-0008,Class4,0,0,NA
H-HR-0008,Class5,0,0,NA
H-HR-0008,Class6,0,0,NA
H-HR-0008,Class7,0,0,NA
H-HR-0008,Class8,0,0,NA
H-HR-0009,Class2,0,0,NA
H-HR-0009,Class3,0,0,NA
H-HR-0009,Class4,0,0,NA
H-HR-0009,Class5,0,0,NA
H-HR-0009,Class6,0,0,NA
H-HR-0009,Class7,0,0,NA
H-HR-0009,Class8,0,0,NA
H-HR-0011,Class2,0,0,NA
H-HR-0011,Class3,0,0,NA
H-HR-0011,Class4,0,0,NA
H-HR-0011,Class5,0,0,NA
H-HR-0011,Class6,0,0,NA
H-HR-0011,Class7,0,0,NA
H-HR-0011,Class8,0,0,NA
H-HR-0012,Class2,0,0,NA
H-HR-0012,Class3,0,0,NA
H-HR-0012,Class4,0,0,NA
H-HR-0012,Class5,0,0,NA
H-HR-0012,Class6,0,0,NA
H-HR-0012,Class7,0,0,NA
H-HR-0012,Class8,0,0,NA
H-HR-0014,Class2,0,0,NA
H-HR-0014,Class3,0,0,NA
H-HR-0014,Class4,0,0,NA
H-HR-0014,Class5,0,0,NA
H-HR-0014,Class6,0,0,NA
H-HR-0014,Class7,0,0,NA
H-HR-0014,Class8,0,0,NA
H-HR-0016,Class2,0,0,NA
H-HR-0016,Class3,0,0,NA
H-HR-0016,Class4,0,0,NA
H-HR-0016,Class5,0,0,NA
H-HR-0016,Class6,0,0,NA
H-HR-0016,Class7,0,0,NA
H-HR-0016,Class8,0,0,NA
H-HR-0017,Class2,0,0,NA
H-HR-0017,Class3,0,0,NA
H-HR-0017,Class4,0,0,NA
H-HR-0017,Class5,0,0,NA
H-HR-0017,Class6,0,0,NA
H-HR-0017,Class7,0,0,NA
H-HR-0017,Class8,0,0,NA
H-HR-0018,Class2,0,0,NA
H-HR-0018,Class3,0,0,NA
H-HR-0018,Class4,0,0,NA
H-HR-0018,Class5,0,0,NA
H-HR-0018,Class6,0,0,NA
H-HR-0018,Class7,0,0,NA
H-HR-0018,Class8,0,0,NA
H-HR-0020,Class2,0,0,NA
H-HR-0020,Class3,0,0,NA
H-HR-0020,Class4,0,0,NA
H-HR-0020,Class5,0,0,NA
H-HR-0020,Class6,0,0,NA
H-HR-0020,Class7,2D,2,Acb
H-HR-0020,Class8,0,0,NA
H-HR-0021,Class2,0,0,NA
H-HR-0021,Class3,0,0,NA
H-HR-0021,Class4,0,0,NA
H-HR-0021,Class5,0,0,NA
H-HR-0021,Class6,0,0,NA
H-HR-0021,Class7,0,0,NA
H-HR-0021,Class8,0,0,NA
H-HR-0022,Class2,0,0,NA
H-HR-0022,Class3,2,2,Acb
H-HR-0022,Class4,2,2,Sw
H-HR-0022,Class5,0,0,NA
H-HR-0022,Class6,0,0,NA
H-HR-0022,Class7,0,0,NA
H-HR-0022,Class8,0,0,NA
H-HR-0023,Class2,0,0,NA
H-HR-0023,Class3,0,0,NA
H-HR-0023,Class4,0,0,NA
H-HR-0023,Class5,0,0,NA
H-HR-0023,Class6,0,0,NA
H-HR-0023,Class7,0,0,NA
H-HR-0023,Class8,0,0,NA
H-PR-0001,Class2,0,0,NA
H-PR-0001,Class3,0,0,NA
H-PR-0001,Class4,1 Ep,1, Ep
H-PR-0001,Class5,0,0,NA
H-PR-0001,Class6,0,0,NA
H-PR-0001,Class7,0,0,NA
H-PR-0001,Class8,0,0,NA
H-PR-0002,Class2,0,0,NA
H-PR-0002,Class3,0,0,NA
H-PR-0002,Class4,0,0,NA
H-PR-0002,Class5,0,0,NA
H-PR-0002,Class6,0,0,NA
H-PR-0002,Class7,0,0,NA
H-PR-0002,Class8,0,0,NA
H-PR-0003,Class2,0,0,NA
H-PR-0003,Class3,7 Acb,7, Acb
H-PR-0003,Class4,0,0,NA
H-PR-0003,Class5,0,0,NA
H-PR-0003,Class6,0,0,NA
H-PR-0003,Class7,0,0,NA
H-PR-0003,Class8,0,0,NA
H-PR-0004,Class2,0,0,NA
H-PR-0004,Class3,0,0,NA
H-PR-0004,Class4,0,0,NA
H-PR-0004,Class5,0,0,NA
H-PR-0004,Class6,0,0,NA
H-PR-0004,Class7,0,0,NA
H-PR-0004,Class8,0,0,NA
H-PR-0005,Class2,0,0,NA
H-PR-0005,Class3,0,0,NA
H-PR-0005,Class4,0,0,NA
H-PR-0005,Class5,0,0,NA
H-PR-0005,Class6,0,0,NA
H-PR-0005,Class7,0,0,NA
H-PR-0005,Class8,0,0,NA
H-PR-0006,Class2,1 Acb,1, Acb
H-PR-0006,Class3,2 Acb,2, Acb
H-PR-0006,Class4,3 Acb,3, Acb
H-PR-0006,Class5,1 Acb,1, Acb
H-PR-0006,Class6,0,0,NA
H-PR-0006,Class7,0,0,NA
H-PR-0006,Class8,0,0,NA
H-PR-0007,Class2,0,0,NA
H-PR-0007,Class3,0,0,NA
H-PR-0007,Class4,0,0,NA
H-PR-0007,Class5,0,0,NA
H-PR-0007,Class6,0,0,NA
H-PR-0007,Class7,0,0,NA
H-PR-0007,Class8,0,0,NA
H-PR-0008,Class2,0,0,NA
H-PR-0008,Class3,0,0,NA
H-PR-0008,Class4,0,0,NA
H-PR-0008,Class5,0,0,NA
H-PR-0008,Class6,0,0,NA
H-PR-0008,Class7,0,0,NA
H-PR-0008,Class8,0,0,NA
H-PR-0009,Class2,0,0,NA
H-PR-0009,Class3,2  Acb,2,  Acb
H-PR-0009,Class4,1 Acb,1, Acb
H-PR-0009,Class5,0,0,NA
H-PR-0009,Class6,0,0,NA
H-PR-0009,Class7,0,0,NA
H-PR-0009,Class8,0,0,NA
H-PR-0010,Class2,0,0,NA
H-PR-0010,Class3,0,0,NA
H-PR-0010,Class4,0,0,NA
H-PR-0010,Class5,0,0,NA
H-PR-0010,Class6,0,0,NA
H-PR-0010,Class7,0,0,NA
H-PR-0010,Class8,0,0,NA
H-PR-0011,Class2,0,0,NA
H-PR-0011,Class3,0,0,NA
H-PR-0011,Class4,3 SW,3,Sw
H-PR-0011,Class5,0,0,NA
H-PR-0011,Class6,0,0,NA
H-PR-0011,Class7,0,0,NA
H-PR-0011,Class8,0,0,NA
H-PR-0012,Class2,1 Sw,1, Sw
H-PR-0012,Class3,1 Sw,1, Sw
H-PR-0012,Class4,0,0,NA
H-PR-0012,Class5,0,0,NA
H-PR-0012,Class6,0,0,NA
H-PR-0012,Class7,0,0,NA
H-PR-0012,Class8,0,0,NA
H-PR-0022,Class2,0,0,NA
H-PR-0022,Class3,0,0,NA
H-PR-0022,Class4,0,0,NA
H-PR-0022,Class5,0,0,NA
H-PR-0022,Class6,0,0,NA
H-PR-0022,Class7,0,0,NA
H-PR-0022,Class8,0,0,NA
H-PR-0025,Class2,0,0,NA
H-PR-0025,Class3,0,0,NA
H-PR-0025,Class4,0,0,NA
H-PR-0025,Class5,0,0,NA
H-PR-0025,Class6,0,0,NA
H-PR-0025,Class7,0,0,NA
H-PR-0025,Class8,0,0,NA
H-PR-0027,Class2,0,0,NA
H-PR-0027,Class3,0,0,NA
H-PR-0027,Class4,0,0,NA
H-PR-0027,Class5,0,0,NA
H-PR-0027,Class6,0,0,NA
H-PR-0027,Class7,0,0,NA
H-PR-0027,Class8,0,0,NA
H-PR-0028,Class2,0,0,NA
H-PR-0028,Class3,0,0,NA
H-PR-0028,Class4,0,0,NA
H-PR-0028,Class5,0,0,NA
H-PR-0028,Class6,0,0,NA
H-PR-0028,Class7,0,0,NA
H-PR-0028,Class8,0,0,NA
H-PR-0029,Class2,0,0,NA
H-PR-0029,Class3,1 Sw,1, Sw
H-PR-0029,Class4,0,0,NA
H-PR-0029,Class5,0,0,NA
H-PR-0029,Class6,0,0,NA
H-PR-0029,Class7,0,0,NA
H-PR-0029,Class8,0,0,NA
H-PR-0030,Class2,0,0,NA
H-PR-0030,Class3,0,0,NA
H-PR-0030,Class4,0,0,NA
H-PR-0030,Class5,0,0,NA
H-PR-0030,Class6,0,0,NA
H-PR-0030,Class7,0,0,NA
H-PR-0030,Class8,0,0,NA
H-PR-0031,Class2,0,0,NA
H-PR-0031,Class3,2 Acb,2, Acb
H-PR-0031,Class4,0,0,NA
H-PR-0031,Class5,0,0,NA
H-PR-0031,Class6,0,0,NA
H-PR-0031,Class7,0,0,NA
H-PR-0031,Class8,0,0,NA
H-PR-0032,Class2,2 Acb,2, Acb
H-PR-0032,Class3,1 Acb,1, Acb
H-PR-0032,Class4,0,0,NA
H-PR-0032,Class5,2 Acb,2, Acb
H-PR-0032,Class6,0,0,NA
H-PR-0032,Class7,0,0,NA
H-PR-0032,Class8,0,0,NA
H-PR-0033,Class2,0,0,NA
H-PR-0033,Class3,0,0,NA
H-PR-0033,Class4,0,0,NA
H-PR-0033,Class5,1 Acb,1, Acb
H-PR-0033,Class6,0,0,NA
H-PR-0033,Class7,0,0,NA
H-PR-0033,Class8,0,0,NA
H-PR-0034,Class2,0,0,NA
H-PR-0034,Class3,0,0,NA
H-PR-0034,Class4,0,0,NA
H-PR-0034,Class5,0,0,NA
H-PR-0034,Class6,0,0,NA
H-PR-0034,Class7,0,0,NA
H-PR-0034,Class8,0,0,NA
H-PR-0035,Class2,0,0,NA
H-PR-0035,Class3,1 Acb,1, Acb
H-PR-0035,Class4,0,0,NA
H-PR-0035,Class5,1 Acb,1, Acb
H-PR-0035,Class6,0,0,NA
H-PR-0035,Class7,0,0,NA
H-PR-0035,Class8,0,0,NA
H-PR-0036,Class2,0,0,NA
H-PR-0036,Class3,0,0,NA
H-PR-0036,Class4,0,0,NA
H-PR-0036,Class5,0,0,NA
H-PR-0036,Class6,0,0,NA
H-PR-0036,Class7,0,0,NA
H-PR-0036,Class8,0,0,NA
H-PR-0038,Class2,0,0,NA
H-PR-0038,Class3,0,0,NA
H-PR-0038,Class4,0,0,NA
H-PR-0038,Class5,0,0,NA
H-PR-0038,Class6,0,0,NA
H-PR-0038,Class7,0,0,NA
H-PR-0038,Class8,0,0,NA
H-PR-0039,Class2,0,0,NA
H-PR-0039,Class3,0,0,NA
H-PR-0039,Class4,0,0,NA
H-PR-0039,Class5,0,0,NA
H-PR-0039,Class6,0,0,NA
H-PR-0039,Class7,1 Sw,1, Sw
H-PR-0039,Class8,0,0,NA
H-PR-0040,Class2,0,0,NA
H-PR-0040,Class3,0,0,NA
H-PR-0040,Class4,0,0,NA
H-PR-0040,Class5,0,0,NA
H-PR-0040,Class6,0,0,NA
H-PR-0040,Class7,0,0,NA
H-PR-0040,Class8,0,0,NA
H-PR-0042,Class2,0,0,NA
H-PR-0042,Class3,0,0,NA
H-PR-0042,Class4,0,0,NA
H-PR-0042,Class5,0,0,NA
H-PR-0042,Class6,0,0,NA
H-PR-0042,Class7,0,0,NA
H-PR-0042,Class8,0,0,NA
H-PR-0043,Class2,0,0,NA
H-PR-0043,Class3,0,0,NA
H-PR-0043,Class4,0,0,NA
H-PR-0043,Class5,0,0,NA
H-PR-0043,Class6,0,0,NA
H-PR-0043,Class7,0,0,NA
H-PR-0043,Class8,0,0,NA
H-PR-0045,Class2,0,0,NA
H-PR-0045,Class3,0,0,NA
H-PR-0045,Class4,0,0,NA
H-PR-0045,Class5,0,0,NA
H-PR-0045,Class6,0,0,NA
H-PR-0045,Class7,0,0,NA
H-PR-0045,Class8,0,0,NA
H-PR-0046,Class2,0,0,NA
H-PR-0046,Class3,0,0,NA
H-PR-0046,Class4,0,0,NA
H-PR-0046,Class5,0,0,NA
H-PR-0046,Class6,0,0,NA
H-PR-0046,Class7,0,0,NA
H-PR-0046,Class8,0,0,NA
H-PR-0047,Class2,0,0,NA
H-PR-0047,Class3,0,0,NA
H-PR-0047,Class4,0,0,NA
H-PR-0047,Class5,0,0,NA
H-PR-0047,Class6,0,0,NA
H-PR-0047,Class7,0,0,NA
H-PR-0047,Class8,0,0,NA
H-PR-0048,Class2,0,0,NA
H-PR-0048,Class3,0,0,NA
H-PR-0048,Class4,"1 Acb, 1 At",1, Acb
H-PR-0048,Class4,"1 Acb, 1 At",1,At
H-PR-0048,Class5,0,0,NA
H-PR-0048,Class6,0,0,NA
H-PR-0048,Class7,0,0,NA
H-PR-0048,Class8,0,0,NA
H-PR-0049,Class2,0,0,NA
H-PR-0049,Class3,0,0,NA
H-PR-0049,Class4,0,0,NA
H-PR-0049,Class5,0,0,NA
H-PR-0049,Class6,0,0,NA
H-PR-0049,Class7,0,0,NA
H-PR-0049,Class8,0,0,NA
H-PR-0050,Class2,0,0,NA
H-PR-0050,Class3,0,0,NA
H-PR-0050,Class4,1 At,1, At
H-PR-0050,Class5,0,0,NA
H-PR-0050,Class6,0,0,NA
H-PR-0050,Class7,0,0,NA
H-PR-0050,Class8,0,0,NA
H-PR-0051,Class2,0,0,NA
H-PR-0051,Class3,0,0,NA
H-PR-0051,Class4,0,0,NA
H-PR-0051,Class5,1 Acb,1, Acb
H-PR-0051,Class6,0,0,NA
H-PR-0051,Class7,0,0,NA
H-PR-0051,Class8,0,0,NA
H-PR-0052,Class2,0,0,NA
H-PR-0052,Class3,0,0,NA
H-PR-0052,Class4,0,0,NA
H-PR-0052,Class5,0,0,NA
H-PR-0052,Class6,0,0,NA
H-PR-0052,Class7,0,0,NA
H-PR-0052,Class8,0,0,NA
H-PR-0053,Class2,0,0,NA
H-PR-0053,Class3,0,0,NA
H-PR-0053,Class4,0,0,NA
H-PR-0053,Class5,0,0,NA
H-PR-0053,Class6,0,0,NA
H-PR-0053,Class7,0,0,NA
H-PR-0053,Class8,0,0,NA
H-PR-0054,Class2,0,0,NA
H-PR-0054,Class3,0,0,NA
H-PR-0054,Class4,0,0,NA
H-PR-0054,Class5,0,0,NA
H-PR-0054,Class6,0,0,NA
H-PR-0054,Class7,0,0,NA
H-PR-0054,Class8,0,0,NA
H-PR-0055,Class2,0,0,NA
H-PR-0055,Class3,2 Acb,2, Acb
H-PR-0055,Class4,0,0,NA
H-PR-0055,Class5,0,0,NA
H-PR-0055,Class6,0,0,NA
H-PR-0055,Class7,0,0,NA
H-PR-0055,Class8,0,0,NA
H-PR-0056,Class2,0,0,NA
H-PR-0056,Class3,1 Alder,1,Dm
H-PR-0056,Class4,0,0,NA
H-PR-0056,Class5,1 Acb,1, Acb
H-PR-0056,Class6,0,0,NA
H-PR-0056,Class7,0,0,NA
H-PR-0056,Class8,0,0,NA
H-PR-0057,Class2,0,0,NA
H-PR-0057,Class3,0,0,NA
H-PR-0057,Class4,0,0,NA
H-PR-0057,Class5,0,0,NA
H-PR-0057,Class6,0,0,NA
H-PR-0057,Class7,0,0,NA
H-PR-0057,Class8,0,0,NA
H-PR-0058,Class2,0,0,NA
H-PR-0058,Class3,2 Acb,2, Acb
H-PR-0058,Class4,0,0,NA
H-PR-0058,Class5,2 Acb,2, Acb
H-PR-0058,Class6,0,0,NA
H-PR-0058,Class7,0,0,NA
H-PR-0058,Class8,0,0,NA
H-PR-0059,Class2,0,0,NA
H-PR-0059,Class3,0,0,NA
H-PR-0059,Class4,0,0,NA
H-PR-0059,Class5,4 Acb,4, Acb
H-PR-0059,Class6,0,0,NA
H-PR-0059,Class7,0,0,NA
H-PR-0059,Class8,0,0,NA
H-PR-0060,Class2,0,0,NA
H-PR-0060,Class3,1 Sw,1, Sw
H-PR-0060,Class4,0,0,NA
H-PR-0060,Class5,0,0,NA
H-PR-0060,Class6,0,0,NA
H-PR-0060,Class7,0,0,NA
H-PR-0060,Class8,0,0,NA
H-PR-0061,Class2,0,0,NA
H-PR-0061,Class3,0,0,NA
H-PR-0061,Class4,0,0,NA
H-PR-0061,Class5,0,0,NA
H-PR-0061,Class6,0,0,NA
H-PR-0061,Class7,0,0,NA
H-PR-0061,Class8,0,0,NA
H-PR-0062,Class2,0,0,NA
H-PR-0062,Class3,7 Acb,7, Acb
H-PR-0062,Class4,1 Acb,1, Acb
H-PR-0062,Class5,0,0,NA
H-PR-0062,Class6,0,0,NA
H-PR-0062,Class7,0,0,NA
H-PR-0062,Class8,0,0,NA
H-PR-0063,Class2,0,0,NA
H-PR-0063,Class3,0,0,NA
H-PR-0063,Class4,0,0,NA
H-PR-0063,Class5,0,0,NA
H-PR-0063,Class6,0,0,NA
H-PR-0063,Class7,0,0,NA
H-PR-0063,Class8,0,0,NA
H-PR-0064,Class2,0,0,NA
H-PR-0064,Class3,2 Acb,2, Acb
H-PR-0064,Class4,2 Acb,2, Acb
H-PR-0064,Class5,0,0,NA
H-PR-0064,Class6,0,0,NA
H-PR-0064,Class7,0,0,NA
H-PR-0064,Class8,0,0,NA
H-PR-0065,Class2,0,0,NA
H-PR-0065,Class3,1 Acb,1, Acb
H-PR-0065,Class4,2 Acb,2, Acb
H-PR-0065,Class5,0,0,NA
H-PR-0065,Class6,0,0,NA
H-PR-0065,Class7,0,0,NA
H-PR-0065,Class8,2 Sw,2, Sw
H-PR-0066,Class2,0,0,NA
H-PR-0066,Class3,0,0,NA
H-PR-0066,Class4,0,0,NA
H-PR-0066,Class5,0,0,NA
H-PR-0066,Class6,0,0,NA
H-PR-0066,Class7,0,0,NA
H-PR-0066,Class8,0,0,NA
H-PR-0067,Class2,1 Ep,1, Ep
H-PR-0067,Class3,1 Acb,1, Acb
H-PR-0067,Class4,0,0,NA
H-PR-0067,Class5,0,0,NA
H-PR-0067,Class6,0,0,NA
H-PR-0067,Class7,0,0,NA
H-PR-0067,Class8,0,0,NA
H-PR-0068,Class2,0,0,NA
H-PR-0068,Class3,0,0,NA
H-PR-0068,Class4,0,0,NA
H-PR-0068,Class5,0,0,NA
H-PR-0068,Class6,0,0,NA
H-PR-0068,Class7,0,0,NA
H-PR-0068,Class8,0,0,NA
H-PR-0069,Class2,1 Acb,1, Acb
H-PR-0069,Class3,0,0,NA
H-PR-0069,Class4,0,0,NA
H-PR-0069,Class5,0,0,NA
H-PR-0069,Class6,0,0,NA
H-PR-0069,Class7,0,0,NA
H-PR-0069,Class8,0,0,NA
H-PR-0070,Class2,1 Ep,1, Ep
H-PR-0070,Class3,1 Sw,1, Sw
H-PR-0070,Class4,0,0,NA
H-PR-0070,Class5,0,0,NA
H-PR-0070,Class6,0,0,NA
H-PR-0070,Class7,1 Sw,1, Sw
H-PR-0070,Class8,0,0,NA
H-PR-0071,Class2,1 Ep,1, Ep
H-PR-0071,Class3,0,0,NA
H-PR-0071,Class4,0,0,NA
H-PR-0071,Class5,0,0,NA
H-PR-0071,Class6,0,0,NA
H-PR-0071,Class7,0,0,NA
H-PR-0071,Class8,0,0,NA
H-PR-0072,Class2,1 Acb,1, Acb
H-PR-0072,Class3,1 Acb,1, Acb
H-PR-0072,Class4,1 Acb,1, Acb
H-PR-0072,Class5,0,0,NA
H-PR-0072,Class6,0,0,NA
H-PR-0072,Class7,0,0,NA
H-PR-0072,Class8,0,0,NA
H-PR-0073,Class2,0,0,NA
H-PR-0073,Class3,0,0,NA
H-PR-0073,Class4,0,0,NA
H-PR-0073,Class5,0,0,NA
H-PR-0073,Class6,0,0,NA
H-PR-0073,Class7,0,0,NA
H-PR-0073,Class8,0,0,NA
H-PR-0074,Class2,0,0,NA
H-PR-0074,Class3,"1 Sw, 1 At",1,Sw
H-PR-0074,Class3,"1 Sw, 1 At",1,At
H-PR-0074,Class4,0,0,NA
H-PR-0074,Class5,2 Sw,2, Sw
H-PR-0074,Class6,0,0,NA
H-PR-0074,Class7,0,0,NA
H-PR-0074,Class8,0,0,NA
H-PR-0075,Class2,0,0,NA
H-PR-0075,Class3,0,0,NA
H-PR-0075,Class4,0,0,NA
H-PR-0075,Class5,0,0,NA
H-PR-0075,Class6,0,0,NA
H-PR-0075,Class7,0,0,NA
H-PR-0075,Class8,1 Sw,1, Sw
H-PR-0076,Class2,0,0,NA
H-PR-0076,Class3,0,0,NA
H-PR-0076,Class4,1 Acb,1, Acb
H-PR-0076,Class5,0,0,NA
H-PR-0076,Class6,0,0,NA
H-PR-0076,Class7,0,0,NA
H-PR-0076,Class8,0,0,NA
H-PR-0077,Class2,0,0,NA
H-PR-0077,Class3,0,0,NA
H-PR-0077,Class4,0,0,NA
H-PR-0077,Class5,0,0,NA
H-PR-0077,Class6,0,0,NA
H-PR-0077,Class7,0,0,NA
H-PR-0077,Class8,0,0,NA
H-PR-0078,Class2,1 Sw,1, Sw
H-PR-0078,Class3,0,0,NA
H-PR-0078,Class4,0,0,NA
H-PR-0078,Class5,0,0,NA
H-PR-0078,Class6,0,0,NA
H-PR-0078,Class7,0,0,NA
H-PR-0078,Class8,0,0,NA
H-PR-0079,Class2,1 Sw,1, Sw
H-PR-0079,Class3,0,0,NA
H-PR-0079,Class4,1 Acb,1, Acb
H-PR-0079,Class5,0,0,NA
H-PR-0079,Class6,0,0,NA
H-PR-0079,Class7,0,0,NA
H-PR-0079,Class8,0,0,NA
H-PR-0080,Class2,0,0,NA
H-PR-0080,Class3,0,0,NA
H-PR-0080,Class4,0,0,NA
H-PR-0080,Class5,0,0,NA
H-PR-0080,Class6,0,0,NA
H-PR-0080,Class7,0,0,NA
H-PR-0080,Class8,0,0,NA
H-PR-0082,Class2,2 Acb,2, Acb
H-PR-0082,Class3,0,0,NA
H-PR-0082,Class4,1 Acb,1, Acb
H-PR-0082,Class5,0,0,NA
H-PR-0082,Class6,0,0,NA
H-PR-0082,Class7,0,0,NA
H-PR-0082,Class8,0,0,NA
H-PR-0083,Class2,0,0,NA
H-PR-0083,Class3,0,0,NA
H-PR-0083,Class4,0,0,NA
H-PR-0083,Class5,0,0,NA
H-PR-0083,Class6,0,0,NA
H-PR-0083,Class7,0,0,NA
H-PR-0083,Class8,0,0,NA
H-PR-0084,Class2,0,0,NA
H-PR-0084,Class3,0,0,NA
H-PR-0084,Class4,0,0,NA
H-PR-0084,Class5,0,0,NA
H-PR-0084,Class6,0,0,NA
H-PR-0084,Class7,0,0,NA
H-PR-0084,Class8,0,0,NA
H-PR-0085,Class2,0,0,NA
H-PR-0085,Class3,9 Acb,9, Acb
H-PR-0085,Class4,0,0,NA
H-PR-0085,Class5,0,0,NA
H-PR-0085,Class6,0,0,NA
H-PR-0085,Class7,0,0,NA
H-PR-0085,Class8,0,0,NA
H-PR-0089,Class2,0,0,NA
H-PR-0089,Class3,0,0,NA
H-PR-0089,Class4,0,0,NA
H-PR-0089,Class5,0,0,NA
H-PR-0089,Class6,0,0,NA
H-PR-0089,Class7,0,0,NA
H-PR-0089,Class8,0,0,NA
H-PR-0090,Class2,"2 Ep, 3 At",2,Ep
H-PR-0090,Class2,"2 Ep, 3 At",3,At
H-PR-0090,Class3,0,0,NA
H-PR-0090,Class4,"1 At, 1 Ep",1,At
H-PR-0090,Class4,"1 At, 1 Ep",1,Ep
H-PR-0090,Class5,2 Sw,2, Sw
H-PR-0090,Class6,0,0,NA
H-PR-0090,Class7,0,0,NA
H-PR-0090,Class8,0,0,NA
H-PR-0091,Class2,0,0,NA
H-PR-0091,Class3,0,0,NA
H-PR-0091,Class4,0,0,NA
H-PR-0091,Class5,0,0,NA
H-PR-0091,Class6,0,0,NA
H-PR-0091,Class7,0,0,NA
H-PR-0091,Class8,0,0,NA
H-PR-0092,Class2,0,0,NA
H-PR-0092,Class3,0,0,NA
H-PR-0092,Class4,0,0,NA
H-PR-0092,Class5,0,0,NA
H-PR-0092,Class6,0,0,NA
H-PR-0092,Class7,0,0,NA
H-PR-0092,Class8,0,0,NA
H-PR-0093,Class2,0,0,NA
H-PR-0093,Class3,"2 At, 1 Sw",2,At
H-PR-0093,Class3,"2 At, 1 Sw",1,Sw
H-PR-0093,Class4,0,0,NA
H-PR-0093,Class5,0,0,NA
H-PR-0093,Class6,0,0,NA
H-PR-0093,Class7,0,0,NA
H-PR-0093,Class8,0,0,NA
H-PR-0094,Class2,0,0,NA
H-PR-0094,Class3,"3 Sw, 1 At",3,Sw
H-PR-0094,Class3,"3 Sw, 1 At",1,At
H-PR-0094,Class4,5 At,5, At
H-PR-0094,Class5,0,0,NA
H-PR-0094,Class6,0,0,NA
H-PR-0094,Class7,0,0,NA
H-PR-0094,Class8,0,0,NA
H-PR-0095,Class2,0,0,NA
H-PR-0095,Class3,1 At,1, At
H-PR-0095,Class4,1 Sw,1, Sw
H-PR-0095,Class5,0,0,NA
H-PR-0095,Class6,0,0,NA
H-PR-0095,Class7,0,0,NA
H-PR-0095,Class8,0,0,NA
H-PR-0096,Class2,0,0,NA
H-PR-0096,Class3,0,0,NA
H-PR-0096,Class4,0,0,NA
H-PR-0096,Class5,0,0,NA
H-PR-0096,Class6,0,0,NA
H-PR-0096,Class7,0,0,NA
H-PR-0096,Class8,0,0,NA
H-PR-0097,Class2,0,0,NA
H-PR-0097,Class3,0,0,NA
H-PR-0097,Class4,2 At,2, At
H-PR-0097,Class5,1 At,1, At
H-PR-0097,Class6,0,0,NA
H-PR-0097,Class7,0,0,NA
H-PR-0097,Class8,0,0,NA
H-PR-0098,Class2,0,0,NA
H-PR-0098,Class3,0,0,NA
H-PR-0098,Class4,5 At,5, At
H-PR-0098,Class5,0,0,NA
H-PR-0098,Class6,0,0,NA
H-PR-0098,Class7,0,0,NA
H-PR-0098,Class8,0,0,NA
H-PR-0100,Class2,0,0,NA
H-PR-0100,Class3,8 At,8, At
H-PR-0100,Class4,3 At,3, At
H-PR-0100,Class5,0,0,NA
H-PR-0100,Class6,0,0,NA
H-PR-0100,Class7,0,0,NA
H-PR-0100,Class8,0,0,NA
H-PR-0101,Class2,0,0,NA
H-PR-0101,Class3,0,0,NA
H-PR-0101,Class4,0,0,NA
H-PR-0101,Class5,0,0,NA
H-PR-0101,Class6,0,0,NA
H-PR-0101,Class7,0,0,NA
H-PR-0101,Class8,0,0,NA
H-PR-0102,Class2,0,0,NA
H-PR-0102,Class3,3 Acb,3, Acb
H-PR-0102,Class4,1 Acb,1, Acb
H-PR-0102,Class5,0,0,NA
H-PR-0102,Class6,0,0,NA
H-PR-0102,Class7,0,0,NA
H-PR-0102,Class8,0,0,NA
H-PR-0103,Class2,0,0,NA
H-PR-0103,Class3,0,0,NA
H-PR-0103,Class4,1 Acb,1, Acb
H-PR-0103,Class5,0,0,NA
H-PR-0103,Class6,0,0,NA
H-PR-0103,Class7,0,0,NA
H-PR-0103,Class8,0,0,NA
H-PR-0104,Class2,0,0,NA
H-PR-0104,Class3,1 At,1, At
H-PR-0104,Class4,3 At,3, At
H-PR-0104,Class5,0,0,NA
H-PR-0104,Class6,0,0,NA
H-PR-0104,Class7,0,0,NA
H-PR-0104,Class8,0,0,NA
H-PR-0105,Class2,0,0,NA
H-PR-0105,Class3,0,0,NA
H-PR-0105,Class4,1 Acb,1, Acb
H-PR-0105,Class5,0,0,NA
H-PR-0105,Class6,0,0,NA
H-PR-0105,Class7,0,0,NA
H-PR-0105,Class8,0,0,NA
H-PR-0108,Class2,0,0,NA
H-PR-0108,Class3,0,0,NA
H-PR-0108,Class4,0,0,NA
H-PR-0108,Class5,0,0,NA
H-PR-0108,Class6,0,0,NA
H-PR-0108,Class7,0,0,NA
H-PR-0108,Class8,0,0,NA
H-PR-0109,Class2,0,0,NA
H-PR-0109,Class3,0,0,NA
H-PR-0109,Class4,0,0,NA
H-PR-0109,Class5,0,0,NA
H-PR-0109,Class6,0,0,NA
H-PR-0109,Class7,0,0,NA
H-PR-0109,Class8,0,0,NA
H-PR-0111,Class2,0,0,NA
H-PR-0111,Class3,0,0,NA
H-PR-0111,Class4,0,0,NA
H-PR-0111,Class5,0,0,NA
H-PR-0111,Class6,0,0,NA
H-PR-0111,Class7,0,0,NA
H-PR-0111,Class8,0,0,NA
H-PR-0112,Class2,0,0,NA
H-PR-0112,Class3,0,0,NA
H-PR-0112,Class4,0,0,NA
H-PR-0112,Class5,0,0,NA
H-PR-0112,Class6,0,0,NA
H-PR-0112,Class7,0,0,NA
H-PR-0112,Class8,0,0,NA
H-PR-0114,Class2,0,0,NA
H-PR-0114,Class3,0,0,NA
H-PR-0114,Class4,0,0,NA
H-PR-0114,Class5,0,0,NA
H-PR-0114,Class6,0,0,NA
H-PR-0114,Class7,0,0,NA
H-PR-0114,Class8,0,0,NA
H-PR-0115,Class2,0,0,NA
H-PR-0115,Class3,2 At,2, At
H-PR-0115,Class4,0,0,NA
H-PR-0115,Class5,0,0,NA
H-PR-0115,Class6,0,0,NA
H-PR-0115,Class7,0,0,NA
H-PR-0115,Class8,0,0,NA
H-PR-0116,Class2,0,0,NA
H-PR-0116,Class3,0,0,NA
H-PR-0116,Class4,0,0,NA
H-PR-0116,Class5,0,0,NA
H-PR-0116,Class6,0,0,NA
H-PR-0116,Class7,0,0,NA
H-PR-0116,Class8,0,0,NA
H-PR-0117,Class2,0,0,NA
H-PR-0117,Class3,0,0,NA
H-PR-0117,Class4,0,0,NA
H-PR-0117,Class5,0,0,NA
H-PR-0117,Class6,0,0,NA
H-PR-0117,Class7,0,0,NA
H-PR-0117,Class8,0,0,NA
H-PR-0119,Class2,0,0,NA
H-PR-0119,Class3,0,0,NA
H-PR-0119,Class4,0,0,NA
H-PR-0119,Class5,0,0,NA
H-PR-0119,Class6,0,0,NA
H-PR-0119,Class7,0,0,NA
H-PR-0119,Class8,0,0,NA
H-PR-0121,Class2,"1 Acb, 1 Ab",1,Acb
H-PR-0121,Class2,"1 Acb, 1 Ab",1,Ab
H-PR-0121,Class3,0,0,NA
H-PR-0121,Class4,0,0,NA
H-PR-0121,Class5,0,0,NA
H-PR-0121,Class6,0,0,NA
H-PR-0121,Class7,0,0,NA
H-PR-0121,Class8,0,0,NA
H-PR-0122,Class2,0,0,NA
H-PR-0122,Class3,0,0,NA
H-PR-0122,Class4,0,0,NA
H-PR-0122,Class5,0,0,NA
H-PR-0122,Class6,0,0,NA
H-PR-0122,Class7,0,0,NA
H-PR-0122,Class8,0,0,NA
H-PR-0123,Class2,0,0,NA
H-PR-0123,Class3,0,0,NA
H-PR-0123,Class4,0,0,NA
H-PR-0123,Class5,0,0,NA
H-PR-0123,Class6,0,0,NA
H-PR-0123,Class7,0,0,NA
H-PR-0123,Class8,0,0,NA
H-PR-0124,Class2,0,0,NA
H-PR-0124,Class3,0,0,NA
H-PR-0124,Class4,0,0,NA
H-PR-0124,Class5,0,0,NA
H-PR-0124,Class6,0,0,NA
H-PR-0124,Class7,0,0,NA
H-PR-0124,Class8,0,0,NA
H-PR-0125,Class2,0,0,NA
H-PR-0125,Class3,0,0,NA
H-PR-0125,Class4,0,0,NA
H-PR-0125,Class5,0,0,NA
H-PR-0125,Class6,0,0,NA
H-PR-0125,Class7,0,0,NA
H-PR-0125,Class8,0,0,NA
H-PR-0126,Class2,0,0,NA
H-PR-0126,Class3,0,0,NA
H-PR-0126,Class4,0,0,NA
H-PR-0126,Class5,0,0,NA
H-PR-0126,Class6,0,0,NA
H-PR-0126,Class7,0,0,NA
H-PR-0126,Class8,0,0,NA
H-PR-0127,Class2,0,0,NA
H-PR-0127,Class3,0,0,NA
H-PR-0127,Class4,0,0,NA
H-PR-0127,Class5,0,0,NA
H-PR-0127,Class6,0,0,NA
H-PR-0127,Class7,0,0,NA
H-PR-0127,Class8,0,0,NA
H-PR-0128,Class2,0,0,NA
H-PR-0128,Class3,2 Acb,2, Acb
H-PR-0128,Class4,1 Acb,1, Acb
H-PR-0128,Class5,0,0,NA
H-PR-0128,Class6,0,0,NA
H-PR-0128,Class7,0,0,NA
H-PR-0128,Class8,0,0,NA
H-PR-0131,Class2,0,0,NA
H-PR-0131,Class3,2 Acb,2, Acb
H-PR-0131,Class4,2 Acb,2, Acb
H-PR-0131,Class5,0,0,NA
H-PR-0131,Class6,0,0,NA
H-PR-0131,Class7,0,0,NA
H-PR-0131,Class8,0,0,NA
H-PR-0132,Class2,0,0,NA
H-PR-0132,Class3,0,0,NA
H-PR-0132,Class4,3 At,3, At
H-PR-0132,Class5,0,0,NA
H-PR-0132,Class6,0,0,NA
H-PR-0132,Class7,0,0,NA
H-PR-0132,Class8,0,0,NA
H-PR-0134,Class2,0,0,NA
H-PR-0134,Class3,1 Sw,1, Sw
H-PR-0134,Class4,0,0,NA
H-PR-0134,Class5,0,0,NA
H-PR-0134,Class6,0,0,NA
H-PR-0134,Class7,0,0,NA
H-PR-0134,Class8,0,0,NA
H-PR-0135,Class2,2 At,2, At
H-PR-0135,Class3,0,0,NA
H-PR-0135,Class4,0,0,NA
H-PR-0135,Class5,0,0,NA
H-PR-0135,Class6,0,0,NA
H-PR-0135,Class7,0,0,NA
H-PR-0135,Class8,0,0,NA
H-PR-0136,Class2,0,0,NA
H-PR-0136,Class3,1 At,1, At
H-PR-0136,Class4,0,0,NA
H-PR-0136,Class5,0,0,NA
H-PR-0136,Class6,0,0,NA
H-PR-0136,Class7,0,0,NA
H-PR-0136,Class8,0,0,NA
H-PR-0138,Class2,0,0,NA
H-PR-0138,Class3,1 At,1, At
H-PR-0138,Class4,1 At,1, At
H-PR-0138,Class5,0,0,NA
H-PR-0138,Class6,0,0,NA
H-PR-0138,Class7,0,0,NA
H-PR-0138,Class8,0,0,NA
H-PR-0139,Class2,0,0,NA
H-PR-0139,Class3,0,0,NA
H-PR-0139,Class4,3 Acb,3, Acb
H-PR-0139,Class5,0,0,NA
H-PR-0139,Class6,0,0,NA
H-PR-0139,Class7,0,0,NA
H-PR-0139,Class8,0,0,NA
H-PR-0142,Class2,0,0,NA
H-PR-0142,Class3,5Sb,5,Sb
H-PR-0142,Class4,2Sb,2,Sb
H-PR-0142,Class5,0,0,NA
H-PR-0142,Class6,1Sb,1,Sb
H-PR-0142,Class7,1Larilar,1,Lt
H-PR-0142,Class8,0,0,NA
H-PR-0144,Class2,0,0,NA
H-PR-0144,Class3,0,0,NA
H-PR-0144,Class4,0,0,NA
H-PR-0144,Class5,0,0,NA
H-PR-0144,Class6,0,0,NA
H-PR-0144,Class7,0,0,NA
H-PR-0144,Class8,0,0,NA
H-PR-0145,Class2,0,0,NA
H-PR-0145,Class3,0,0,NA
H-PR-0145,Class4,0,0,NA
H-PR-0145,Class5,0,0,NA
H-PR-0145,Class6,0,0,NA
H-PR-0145,Class7,0,0,NA
H-PR-0145,Class8,0,0,NA
H-PR-0148,Class2,0,0,NA
H-PR-0148,Class3,0,0,NA
H-PR-0148,Class4,0,0,NA
H-PR-0148,Class5,0,0,NA
H-PR-0148,Class6,0,0,NA
H-PR-0148,Class7,0,0,NA
H-PR-0148,Class8,0,0,NA
H-PR-0152,Class2,0,0,NA
H-PR-0152,Class3,0,0,NA
H-PR-0152,Class4,1 Sw,1, Sw
H-PR-0152,Class5,0,0,NA
H-PR-0152,Class6,0,0,NA
H-PR-0152,Class7,0,0,NA
H-PR-0152,Class8,0,0,NA
H-PR-0154,Class2,0,0,NA
H-PR-0154,Class3,0,0,NA
H-PR-0154,Class4,0,0,NA
H-PR-0154,Class5,0,0,NA
H-PR-0154,Class6,0,0,NA
H-PR-0154,Class7,0,0,NA
H-PR-0154,Class8,0,0,NA
H-PR-0158,Class2,0,0,NA
H-PR-0158,Class3,0,0,NA
H-PR-0158,Class4,0,0,NA
H-PR-0158,Class5,0,0,NA
H-PR-0158,Class6,0,0,NA
H-PR-0158,Class7,0,0,NA
H-PR-0158,Class8,0,0,NA
H-PR-0161,Class2,0,0,NA
H-PR-0161,Class3,3 Sb,3, Sb
H-PR-0161,Class4,0,0,NA
H-PR-0161,Class5,0,0,NA
H-PR-0161,Class6,0,0,NA
H-PR-0161,Class7,0,0,NA
H-PR-0161,Class8,0,0,NA
H-PR-0162,Class2,0,0,NA
H-PR-0162,Class3,0,0,NA
H-PR-0162,Class4,0,0,NA
H-PR-0162,Class5,0,0,NA
H-PR-0162,Class6,0,0,NA
H-PR-0162,Class7,0,0,NA
H-PR-0162,Class8,0,0,NA
H-PR-0165,Class2,0,0,NA
H-PR-0165,Class3,0,0,NA
H-PR-0165,Class4,0,0,NA
H-PR-0165,Class5,0,0,NA
H-PR-0165,Class6,0,0,NA
H-PR-0165,Class7,0,0,NA
H-PR-0165,Class8,0,0,NA
H-PR-0166,Class2,0,0,NA
H-PR-0166,Class3,0,0,NA
H-PR-0166,Class4,0,0,NA
H-PR-0166,Class5,0,0,NA
H-PR-0166,Class6,0,0,NA
H-PR-0166,Class7,0,0,NA
H-PR-0166,Class8,0,0,NA
H-PR-0167,Class2,0,0,NA
H-PR-0167,Class3,0,0,NA
H-PR-0167,Class4,0,0,NA
H-PR-0167,Class5,0,0,NA
H-PR-0167,Class6,0,0,NA
H-PR-0167,Class7,0,0,NA
H-PR-0167,Class8,0,0,NA
H-PR-0169,Class2,0,0,NA
H-PR-0169,Class3,0,0,NA
H-PR-0169,Class4,0,0,NA
H-PR-0169,Class5,0,0,NA
H-PR-0169,Class6,0,0,NA
H-PR-0169,Class7,0,0,NA
H-PR-0169,Class8,0,0,NA
H-PR-0171,Class2,0,0,NA
H-PR-0171,Class3,"1 Acb, 1 Sw",1,Acb
H-PR-0171,Class3,"1 Acb, 1 Sw",1,Sw
H-PR-0171,Class4,1 Acb,1, Acb
H-PR-0171,Class5,0,0,NA
H-PR-0171,Class6,0,0,NA
H-PR-0171,Class7,0,0,NA
H-PR-0171,Class8,0,0,NA
H-PR-0172,Class2,0,0,NA
H-PR-0172,Class3,8 At,8, At
H-PR-0172,Class4,1 At,1, At
H-PR-0172,Class5,0,0,NA
H-PR-0172,Class6,0,0,NA
H-PR-0172,Class7,0,0,NA
H-PR-0172,Class8,0,0,NA
H-PR-0174,Class2,0,0,NA
H-PR-0174,Class3,0,0,NA
H-PR-0174,Class4,0,0,NA
H-PR-0174,Class5,0,0,NA
H-PR-0174,Class6,0,0,NA
H-PR-0174,Class7,0,0,NA
H-PR-0174,Class8,0,0,NA
H-PR-0175,Class2,1 Acb,1, Acb
H-PR-0175,Class3,1 Sw,1, Sw
H-PR-0175,Class4,0,0,NA
H-PR-0175,Class5,0,0,NA
H-PR-0175,Class6,0,0,NA
H-PR-0175,Class7,0,0,NA
H-PR-0175,Class8,0,0,NA
H-PR-0176,Class2,0,0,NA
H-PR-0176,Class3,3 Sw,3, Sw
H-PR-0176,Class4,2 At,2, At
H-PR-0176,Class5,0,0,NA
H-PR-0176,Class6,0,0,NA
H-PR-0176,Class7,0,0,NA
H-PR-0176,Class8,0,0,NA
H-PR-0177,Class2,0,0,NA
H-PR-0177,Class3,4 At,4, At
H-PR-0177,Class4,0,0,NA
H-PR-0177,Class5,0,0,NA
H-PR-0177,Class6,0,0,NA
H-PR-0177,Class7,0,0,NA
H-PR-0177,Class8,0,0,NA
H-PR-0178,Class2,0,0,NA
H-PR-0178,Class3,0,0,NA
H-PR-0178,Class4,0,0,NA
H-PR-0178,Class5,0,0,NA
H-PR-0178,Class6,0,0,NA
H-PR-0178,Class7,0,0,NA
H-PR-0178,Class8,0,0,NA
H-PR-0179,Class2,0,0,NA
H-PR-0179,Class3,1 At,1, At
H-PR-0179,Class4,4 At,4, At
H-PR-0179,Class5,0,0,NA
H-PR-0179,Class6,0,0,NA
H-PR-0179,Class7,0,0,NA
H-PR-0179,Class8,0,0,NA
H-PR-0180,Class2,0,0,NA
H-PR-0180,Class3,1 Sw,1, Sw
H-PR-0180,Class4,1 Ep,1, Ep
H-PR-0180,Class5,0,0,NA
H-PR-0180,Class6,0,0,NA
H-PR-0180,Class7,0,0,NA
H-PR-0180,Class8,0,0,NA
H-PR-0181,Class2,0,0,NA
H-PR-0181,Class3,0,0,NA
H-PR-0181,Class4,6 At,6, At
H-PR-0181,Class5,0,0,NA
H-PR-0181,Class6,0,0,NA
H-PR-0181,Class7,0,0,NA
H-PR-0181,Class8,0,0,NA
H-PR-0182,Class2,0,0,NA
H-PR-0182,Class3,1 Sw,1, Sw
H-PR-0182,Class4,0,0,NA
H-PR-0182,Class5,0,0,NA
H-PR-0182,Class6,0,0,NA
H-PR-0182,Class7,1 Sw,1, Sw
H-PR-0182,Class8,0,0,NA
H-PR-0183,Class2,0,0,NA
H-PR-0183,Class3,1 Sw,1, Sw
H-PR-0183,Class4,0,0,NA
H-PR-0183,Class5,0,0,NA
H-PR-0183,Class6,0,0,NA
H-PR-0183,Class7,0,0,NA
H-PR-0183,Class8,0,0,NA
H-PR-0184,Class2,0,0,NA
H-PR-0184,Class3,0,0,NA
H-PR-0184,Class4,0,0,NA
H-PR-0184,Class5,0,0,NA
H-PR-0184,Class6,0,0,NA
H-PR-0184,Class7,0,0,NA
H-PR-0184,Class8,0,0,NA
H-PR-0185,Class2,0,0,NA
H-PR-0185,Class3,0,0,NA
H-PR-0185,Class4,0,0,NA
H-PR-0185,Class5,0,0,NA
H-PR-0185,Class6,0,0,NA
H-PR-0185,Class7,0,0,NA
H-PR-0185,Class8,0,0,NA
H-PR-0186,Class2,0,0,NA
H-PR-0186,Class3,2 At,2, At
H-PR-0186,Class4,0,0,NA
H-PR-0186,Class5,0,0,NA
H-PR-0186,Class6,0,0,NA
H-PR-0186,Class7,0,0,NA
H-PR-0186,Class8,0,0,NA
H-PR-0188,Class2,0,0,NA
H-PR-0188,Class3,0,0,NA
H-PR-0188,Class4,0,0,NA
H-PR-0188,Class5,0,0,NA
H-PR-0188,Class6,0,0,NA
H-PR-0188,Class7,0,0,NA
H-PR-0188,Class8,0,0,NA
H-PR-0189,Class2,0,0,NA
H-PR-0189,Class3,0,0,NA
H-PR-0189,Class4,0,0,NA
H-PR-0189,Class5,0,0,NA
H-PR-0189,Class6,0,0,NA
H-PR-0189,Class7,0,0,NA
H-PR-0189,Class8,0,0,NA
H-PR-0190,Class2,0,0,NA
H-PR-0190,Class3,0,0,NA
H-PR-0190,Class4,3D,3,Acb
H-PR-0190,Class5,0,0,NA
H-PR-0190,Class6,0,0,NA
H-PR-0190,Class7,6D,6,Acb
H-PR-0190,Class8,0,0,NA
H-PR-0193,Class2,0,0,NA
H-PR-0193,Class3,0,0,NA
H-PR-0193,Class4,1 Acb,1, Acb
H-PR-0193,Class5,0,0,NA
H-PR-0193,Class6,0,0,NA
H-PR-0193,Class7,0,0,NA
H-PR-0193,Class8,0,0,NA
H-PR-0194,Class2,0,0,NA
H-PR-0194,Class3,0,0,NA
H-PR-0194,Class4,0,0,NA
H-PR-0194,Class5,0,0,NA
H-PR-0194,Class6,0,0,NA
H-PR-0194,Class7,0,0,NA
H-PR-0194,Class8,0,0,NA
H-PR-0195,Class2,0,0,NA
H-PR-0195,Class3,0,0,NA
H-PR-0195,Class4,0,0,NA
H-PR-0195,Class5,0,0,NA
H-PR-0195,Class6,0,0,NA
H-PR-0195,Class7,0,0,NA
H-PR-0195,Class8,0,0,NA
H-PR-0196,Class2,0,0,NA
H-PR-0196,Class3,0,0,NA
H-PR-0196,Class4,0,0,NA
H-PR-0196,Class5,0,0,NA
H-PR-0196,Class6,0,0,NA
H-PR-0196,Class7,0,0,NA
H-PR-0196,Class8,0,0,NA
H-PR-0197,Class2,0,0,NA
H-PR-0197,Class3,0,0,NA
H-PR-0197,Class4,0,0,NA
H-PR-0197,Class5,0,0,NA
H-PR-0197,Class6,0,0,NA
H-PR-0197,Class7,0,0,NA
H-PR-0197,Class8,1Pl,1,Pl
H-PR-0198,Class2,0,0,NA
H-PR-0198,Class3,0,0,NA
H-PR-0198,Class4,0,0,NA
H-PR-0198,Class5,0,0,NA
H-PR-0198,Class6,0,0,NA
H-PR-0198,Class7,0,0,NA
H-PR-0198,Class8,0,0,NA
H-PR-0200,Class2,0,0,NA
H-PR-0200,Class3,2 Acb,2, Acb
H-PR-0200,Class4,1 Acb,1, Acb
H-PR-0200,Class5,1 Acb,1, Acb
H-PR-0200,Class6,0,0,NA
H-PR-0200,Class7,0,0,NA
H-PR-0200,Class8,0,0,NA
H-PR-0201,Class2,0,0,NA
H-PR-0201,Class3,0,0,NA
H-PR-0201,Class4,0,0,NA
H-PR-0201,Class5,0,0,NA
H-PR-0201,Class6,0,0,NA
H-PR-0201,Class7,0,0,NA
H-PR-0201,Class8,0,0,NA
H-PR-0202,Class2,0,0,NA
H-PR-0202,Class3,0,0,NA
H-PR-0202,Class4,0,0,NA
H-PR-0202,Class5,0,0,NA
H-PR-0202,Class6,0,0,NA
H-PR-0202,Class7,0,0,NA
H-PR-0202,Class8,0,0,NA
H-PR-0203,Class2,0,0,NA
H-PR-0203,Class3,4 Acb,4, Acb
H-PR-0203,Class4,5 At,5, At
H-PR-0203,Class5,0,0,NA
H-PR-0203,Class6,0,0,NA
H-PR-0203,Class7,0,0,NA
H-PR-0203,Class8,0,0,NA
H-PR-0205,Class2,0,0,NA
H-PR-0205,Class3,0,0,NA
H-PR-0205,Class4,0,0,NA
H-PR-0205,Class5,0,0,NA
H-PR-0205,Class6,0,0,NA
H-PR-0205,Class7,0,0,NA
H-PR-0205,Class8,0,0,NA
H-PR-0206,Class2,0,0,NA
H-PR-0206,Class3,0,0,NA
H-PR-0206,Class4,0,0,NA
H-PR-0206,Class5,0,0,NA
H-PR-0206,Class6,0,0,NA
H-PR-0206,Class7,0,0,NA
H-PR-0206,Class8,0,0,NA
H-PR-0207,Class2,0,0,NA
H-PR-0207,Class3,1 Acb,1, Acb
H-PR-0207,Class4,1 Acb,1, Acb
H-PR-0207,Class5,0,0,NA
H-PR-0207,Class6,0,0,NA
H-PR-0207,Class7,0,0,NA
H-PR-0207,Class8,0,0,NA
H-PR-0209,Class2,0,0,NA
H-PR-0209,Class3,0,0,NA
H-PR-0209,Class4,0,0,NA
H-PR-0209,Class5,0,0,NA
H-PR-0209,Class6,0,0,NA
H-PR-0209,Class7,0,0,NA
H-PR-0209,Class8,0,0,NA
H-PR-0210,Class2,0,0,NA
H-PR-0210,Class3,1 Sw,1, Sw
H-PR-0210,Class4,0,0,NA
H-PR-0210,Class5,0,0,NA
H-PR-0210,Class6,0,0,NA
H-PR-0210,Class7,0,0,NA
H-PR-0210,Class8,0,0,NA
H-PR-0211,Class2,0,0,NA
H-PR-0211,Class3,1 SW,1, SW
H-PR-0211,Class4,0,0,NA
H-PR-0211,Class5,0,0,NA
H-PR-0211,Class6,0,0,NA
H-PR-0211,Class7,0,0,NA
H-PR-0211,Class8,0,0,NA
H-PR-0212,Class2,0,0,NA
H-PR-0212,Class3,0,0,NA
H-PR-0212,Class4,0,0,NA
H-PR-0212,Class5,0,0,NA
H-PR-0212,Class6,0,0,NA
H-PR-0212,Class7,0,0,NA
H-PR-0212,Class8,0,0,NA
H-PR-0213,Class2,0,0,NA
H-PR-0213,Class3,0,0,NA
H-PR-0213,Class4,1 Acb,1, Acb
H-PR-0213,Class5,0,0,NA
H-PR-0213,Class6,0,0,NA
H-PR-0213,Class7,0,0,NA
H-PR-0213,Class8,0,0,NA
H-PR-0214,Class2,0,0,NA
H-PR-0214,Class3,2 Sw,2, Sw
H-PR-0214,Class4,0,0,NA
H-PR-0214,Class5,0,0,NA
H-PR-0214,Class6,0,0,NA
H-PR-0214,Class7,0,0,NA
H-PR-0214,Class8,0,0,NA
H-PR-0215,Class2,0,0,NA
H-PR-0215,Class3,0,0,NA
H-PR-0215,Class4,0,0,NA
H-PR-0215,Class5,0,0,NA
H-PR-0215,Class6,0,0,NA
H-PR-0215,Class7,0,0,NA
H-PR-0215,Class8,0,0,NA
H-PR-0216,Class2,1 Sw,1, Sw
H-PR-0216,Class3,0,0,NA
H-PR-0216,Class4,0,0,NA
H-PR-0216,Class5,0,0,NA
H-PR-0216,Class6,0,0,NA
H-PR-0216,Class7,0,0,NA
H-PR-0216,Class8,0,0,NA
H-PR-0217,Class2,1 Ep,1, Ep
H-PR-0217,Class3,0,0,NA
H-PR-0217,Class4,0,0,NA
H-PR-0217,Class5,0,0,NA
H-PR-0217,Class6,0,0,NA
H-PR-0217,Class7,0,0,NA
H-PR-0217,Class8,0,0,NA
H-PR-0218,Class2,"2 Ep, 3 At",2,Ep
H-PR-0218,Class2,"2 Ep, 3 At",3,At
H-PR-0218,Class3,1 Ep,1, Ep
H-PR-0218,Class4,0,0,NA
H-PR-0218,Class5,0,0,NA
H-PR-0218,Class6,0,0,NA
H-PR-0218,Class7,0,0,NA
H-PR-0218,Class8,0,0,NA
H-PR-0219,Class2,0,0,NA
H-PR-0219,Class3,1 Acb,1, Acb
H-PR-0219,Class4,0,0,NA
H-PR-0219,Class5,0,0,NA
H-PR-0219,Class6,0,0,NA
H-PR-0219,Class7,0,0,NA
H-PR-0219,Class8,0,0,NA
H-PR-0220,Class2,0,0,NA
H-PR-0220,Class3,0,0,NA
H-PR-0220,Class4,2,2,Acb
H-PR-0220,Class5,0,0,NA
H-PR-0220,Class6,0,0,NA
H-PR-0220,Class7,0,0,NA
H-PR-0220,Class8,0,0,NA
H-PR-0221,Class2,0,0,NA
H-PR-0221,Class3,1 At,1, At
H-PR-0221,Class4,1 At,1, At
H-PR-0221,Class5,0,0,NA
H-PR-0221,Class6,0,0,NA
H-PR-0221,Class7,0,0,NA
H-PR-0221,Class8,0,0,NA
H-PR-0222,Class2,0,0,NA
H-PR-0222,Class3,4 Sw,4, Sw
H-PR-0222,Class4,0,0,NA
H-PR-0222,Class5,0,0,NA
H-PR-0222,Class6,0,0,NA
H-PR-0222,Class7,0,0,NA
H-PR-0222,Class8,0,0,NA
H-PR-0223,Class2,0,0,NA
H-PR-0223,Class3,0,0,NA
H-PR-0223,Class4,1 At,1, At
H-PR-0223,Class5,0,0,NA
H-PR-0223,Class6,1 Sw,1, Sw
H-PR-0223,Class7,0,0,NA
H-PR-0223,Class8,0,0,NA
H-PR-0224,Class2,0,0,NA
H-PR-0224,Class3,0,0,NA
H-PR-0224,Class4,1 Ep,1, Ep
H-PR-0224,Class5,0,0,NA
H-PR-0224,Class6,0,0,NA
H-PR-0224,Class7,0,0,NA
H-PR-0224,Class8,0,0,NA
H-PR-0225,Class2,0,0,NA
H-PR-0225,Class3,3 Acb,3, Acb
H-PR-0225,Class4,0,0,NA
H-PR-0225,Class5,0,0,NA
H-PR-0225,Class6,0,0,NA
H-PR-0225,Class7,0,0,NA
H-PR-0225,Class8,0,0,NA
H-PR-0226,Class2,0,0,NA
H-PR-0226,Class3,0,0,NA
H-PR-0226,Class4,0,0,NA
H-PR-0226,Class5,0,0,NA
H-PR-0226,Class6,0,0,NA
H-PR-0226,Class7,0,0,NA
H-PR-0226,Class8,0,0,NA
H-PR-0227,Class2,0,0,NA
H-PR-0227,Class3,0,0,NA
H-PR-0227,Class4,0,0,NA
H-PR-0227,Class5,0,0,NA
H-PR-0227,Class6,0,0,NA
H-PR-0227,Class7,0,0,NA
H-PR-0227,Class8,0,0,NA
H-PR-0228,Class2,0,0,NA
H-PR-0228,Class3,0,0,NA
H-PR-0228,Class4,0,0,NA
H-PR-0228,Class5,0,0,NA
H-PR-0228,Class6,0,0,NA
H-PR-0228,Class7,0,0,NA
H-PR-0228,Class8,0,0,NA
H-PR-0229,Class2,0,0,NA
H-PR-0229,Class3,1 Sw,1, Sw
H-PR-0229,Class4,0,0,NA
H-PR-0229,Class5,0,0,NA
H-PR-0229,Class6,0,0,NA
H-PR-0229,Class7,0,0,NA
H-PR-0229,Class8,0,0,NA
H-PR-0230,Class2,0,0,NA
H-PR-0230,Class3,0,0,NA
H-PR-0230,Class4,0,0,NA
H-PR-0230,Class5,0,0,NA
H-PR-0230,Class6,0,0,NA
H-PR-0230,Class7,1 Sw,1, Sw
H-PR-0230,Class8,0,0,NA
H-PR-0231,Class2,0,0,NA
H-PR-0231,Class3,0,0,NA
H-PR-0231,Class4,0,0,NA
H-PR-0231,Class5,0,0,NA
H-PR-0231,Class6,0,0,NA
H-PR-0231,Class7,1 Sw,1, Sw
H-PR-0231,Class8,0,0,NA
H-PR-0232,Class2,0,0,NA
H-PR-0232,Class3,0,0,NA
H-PR-0232,Class4,0,0,NA
H-PR-0232,Class5,0,0,NA
H-PR-0232,Class6,0,0,NA
H-PR-0232,Class7,0,0,NA
H-PR-0232,Class8,0,0,NA
H-PR-0233,Class2,0,0,NA
H-PR-0233,Class3,0,0,NA
H-PR-0233,Class4,0,0,NA
H-PR-0233,Class5,0,0,NA
H-PR-0233,Class6,0,0,NA
H-PR-0233,Class7,0,0,NA
H-PR-0233,Class8,0,0,NA
H-PR-0234,Class2,0,0,NA
H-PR-0234,Class3,2 Sw,2, Sw
H-PR-0234,Class4,3 Sw,3, Sw
H-PR-0234,Class5,0,0,NA
H-PR-0234,Class6,0,0,NA
H-PR-0234,Class7,0,0,NA
H-PR-0234,Class8,0,0,NA
H-PR-0235,Class2,0,0,NA
H-PR-0235,Class3,0,0,NA
H-PR-0235,Class4,1 At,1, At
H-PR-0235,Class5,0,0,NA
H-PR-0235,Class6,0,0,NA
H-PR-0235,Class7,0,0,NA
H-PR-0235,Class8,0,0,NA
H-PR-0236,Class2,0,0,NA
H-PR-0236,Class3,0,0,NA
H-PR-0236,Class4,0,0,NA
H-PR-0236,Class5,0,0,NA
H-PR-0236,Class6,1 Sw,1, Sw
H-PR-0236,Class7,0,0,NA
H-PR-0236,Class8,0,0,NA
H-PR-0237,Class2,0,0,NA
H-PR-0237,Class3,4 At,4, At
H-PR-0237,Class4,2 At,2, At
H-PR-0237,Class5,0,0,NA
H-PR-0237,Class6,0,0,NA
H-PR-0237,Class7,0,0,NA
H-PR-0237,Class8,0,0,NA
H-PR-0238,Class2,0,0,NA
H-PR-0238,Class3,2 At,2, At
H-PR-0238,Class4,0,0,NA
H-PR-0238,Class5,0,0,NA
H-PR-0238,Class6,0,0,NA
H-PR-0238,Class7,0,0,NA
H-PR-0238,Class8,0,0,NA
H-PR-0239,Class2,0,0,NA
H-PR-0239,Class3,0,0,NA
H-PR-0239,Class4,5 At,5, At
H-PR-0239,Class5,0,0,NA
H-PR-0239,Class6,0,0,NA
H-PR-0239,Class7,0,0,NA
H-PR-0239,Class8,0,0,NA
H-PR-0240,Class2,0,0,NA
H-PR-0240,Class3,0,0,NA
H-PR-0240,Class4,1 At,1, At
H-PR-0240,Class5,0,0,NA
H-PR-0240,Class6,0,0,NA
H-PR-0240,Class7,0,0,NA
H-PR-0240,Class8,0,0,NA
H-PR-0241,Class2,0,0,NA
H-PR-0241,Class3,1 At,1, At
H-PR-0241,Class4,0,0,NA
H-PR-0241,Class5,0,0,NA
H-PR-0241,Class6,0,0,NA
H-PR-0241,Class7,0,0,NA
H-PR-0241,Class8,0,0,NA
H-PR-0243,Class2,0,0,NA
H-PR-0243,Class3,7 Acb,7, Acb
H-PR-0243,Class4,0,0,NA
H-PR-0243,Class5,0,0,NA
H-PR-0243,Class6,0,0,NA
H-PR-0243,Class7,0,0,NA
H-PR-0243,Class8,0,0,NA
H-PR-0244,Class2,0,0,NA
H-PR-0244,Class3,0,0,NA
H-PR-0244,Class4,0,0,NA
H-PR-0244,Class5,0,0,NA
H-PR-0244,Class6,0,0,NA
H-PR-0244,Class7,0,0,NA
H-PR-0244,Class8,0,0,NA
H-PR-0245,Class2,0,0,NA
H-PR-0245,Class3,0,0,NA
H-PR-0245,Class4,1 At,1, At
H-PR-0245,Class5,0,0,NA
H-PR-0245,Class6,0,0,NA
H-PR-0245,Class7,0,0,NA
H-PR-0245,Class8,0,0,NA
H-PR-0246,Class2,0,0,NA
H-PR-0246,Class3,0,0,NA
H-PR-0246,Class4,0,0,NA
H-PR-0246,Class5,0,0,NA
H-PR-0246,Class6,0,0,NA
H-PR-0246,Class7,0,0,NA
H-PR-0246,Class8,0,0,NA
H-PR-0247,Class2,0,0,NA
H-PR-0247,Class3,2 Acb,2, Acb
H-PR-0247,Class4,2 Acb,2, Acb
H-PR-0247,Class5,0,0,NA
H-PR-0247,Class6,0,0,NA
H-PR-0247,Class7,0,0,NA
H-PR-0247,Class8,0,0,NA
H-PR-0248,Class2,0,0,NA
H-PR-0248,Class3,0,0,NA
H-PR-0248,Class4,3 Acb,3, Acb
H-PR-0248,Class5,0,0,NA
H-PR-0248,Class6,0,0,NA
H-PR-0248,Class7,0,0,NA
H-PR-0248,Class8,0,0,NA
H-PR-0249,Class2,1  Acb,1,  Acb
H-PR-0249,Class3,3 Acb,3, Acb
H-PR-0249,Class4,0,0,NA
H-PR-0249,Class5,0,0,NA
H-PR-0249,Class6,0,0,NA
H-PR-0249,Class7,0,0,NA
H-PR-0249,Class8,0,0,NA
H-PR-0250,Class2,0,0,NA
H-PR-0250,Class3,0,0,NA
H-PR-0250,Class4,0,0,NA
H-PR-0250,Class5,0,0,NA
H-PR-0250,Class6,0,0,NA
H-PR-0250,Class7,0,0,NA
H-PR-0250,Class8,0,0,NA
H-PR-0251,Class2,0,0,NA
H-PR-0251,Class3,0,0,NA
H-PR-0251,Class4,0,0,NA
H-PR-0251,Class5,0,0,NA
H-PR-0251,Class6,0,0,NA
H-PR-0251,Class7,0,0,NA
H-PR-0251,Class8,0,0,NA
H-PR-0252,Class2,0,0,NA
H-PR-0252,Class3,0,0,NA
H-PR-0252,Class4,0,0,NA
H-PR-0252,Class5,0,0,NA
H-PR-0252,Class6,0,0,NA
H-PR-0252,Class7,0,0,NA
H-PR-0252,Class8,0,0,NA
H-PR-0253,Class2,0,0,NA
H-PR-0253,Class3,0,0,NA
H-PR-0253,Class4,0,0,NA
H-PR-0253,Class5,0,0,NA
H-PR-0253,Class6,1 Sw,1, Sw
H-PR-0253,Class7,0,0,NA
H-PR-0253,Class8,0,0,NA
H-PR-0254,Class2,0,0,NA
H-PR-0254,Class3,0,0,NA
H-PR-0254,Class4,0,0,NA
H-PR-0254,Class5,0,0,NA
H-PR-0254,Class6,0,0,NA
H-PR-0254,Class7,0,0,NA
H-PR-0254,Class8,0,0,NA
H-PR-0255,Class2,0,0,NA
H-PR-0255,Class3,1 Acb,1, Acb
H-PR-0255,Class4,0,0,NA
H-PR-0255,Class5,0,0,NA
H-PR-0255,Class6,0,0,NA
H-PR-0255,Class7,0,0,NA
H-PR-0255,Class8,0,0,NA
H-PR-0256,Class2,0,0,NA
H-PR-0256,Class3,0,0,NA
H-PR-0256,Class4,6 Acb,6, Acb
H-PR-0256,Class5,0,0,NA
H-PR-0256,Class6,0,0,NA
H-PR-0256,Class7,0,0,NA
H-PR-0256,Class8,0,0,NA
H-PR-0257,Class2,0,0,NA
H-PR-0257,Class3,0,0,NA
H-PR-0257,Class4,0,0,NA
H-PR-0257,Class5,0,0,NA
H-PR-0257,Class6,0,0,NA
H-PR-0257,Class7,0,0,NA
H-PR-0257,Class8,0,0,NA
H-PR-0258,Class2,0,0,NA
H-PR-0258,Class3,1C,1,Sw
H-PR-0258,Class4,0,0,NA
H-PR-0258,Class5,0,0,NA
H-PR-0258,Class6,0,0,NA
H-PR-0258,Class7,3D,3,Acb
H-PR-0258,Class8,0,0,NA
H-PR-0259,Class2,0,0,NA
H-PR-0259,Class3,0,0,NA
H-PR-0259,Class4,0,0,NA
H-PR-0259,Class5,0,0,NA
H-PR-0259,Class6,0,0,NA
H-PR-0259,Class7,0,0,NA
H-PR-0259,Class8,0,0,NA
H-PR-0260,Class2,0,0,NA
H-PR-0260,Class3,0,0,NA
H-PR-0260,Class4,7 Acb,7, Acb
H-PR-0260,Class5,0,0,NA
H-PR-0260,Class6,0,0,NA
H-PR-0260,Class7,0,0,NA
H-PR-0260,Class8,0,0,NA
H-PR-0261,Class2,0,0,NA
H-PR-0261,Class3,0,0,NA
H-PR-0261,Class4,4 Ep,4, Ep
H-PR-0261,Class5,0,0,NA
H-PR-0261,Class6,0,0,NA
H-PR-0261,Class7,0,0,NA
H-PR-0261,Class8,0,0,NA
H-PR-0262,Class2,0,0,NA
H-PR-0262,Class3,0,0,NA
H-PR-0262,Class4,0,0,NA
H-PR-0262,Class5,0,0,NA
H-PR-0262,Class6,0,0,NA
H-PR-0262,Class7,0,0,NA
H-PR-0262,Class8,0,0,NA
H-PR-0263,Class2,0,0,NA
H-PR-0263,Class3,0,0,NA
H-PR-0263,Class4,"2 At, 1 Acb",2,At
H-PR-0263,Class4,"2 At, 1 Acb",1,Acb
H-PR-0263,Class5,0,0,NA
H-PR-0263,Class6,0,0,NA
H-PR-0263,Class7,0,0,NA
H-PR-0263,Class8,0,0,NA
H-PR-0264,Class2,1 At,1, At
H-PR-0264,Class3,4 At,4, At
H-PR-0264,Class4,2 At,2, At
H-PR-0264,Class5,0,0,NA
H-PR-0264,Class6,0,0,NA
H-PR-0264,Class7,0,0,NA
H-PR-0264,Class8,0,0,NA
H-PR-0265,Class2,1 Sw,1, Sw
H-PR-0265,Class3,2 At,2, At
H-PR-0265,Class4,0,0,NA
H-PR-0265,Class5,1 Sw,1, Sw
H-PR-0265,Class6,0,0,NA
H-PR-0265,Class7,0,0,NA
H-PR-0265,Class8,0,0,NA
H-PR-0266,Class2,1 Ep,1, Ep
H-PR-0266,Class3,1 Acb,1, Acb
H-PR-0266,Class4,1 At,1, At
H-PR-0266,Class5,0,0,NA
H-PR-0266,Class6,0,0,NA
H-PR-0266,Class7,0,0,NA
H-PR-0266,Class8,0,0,NA
H-PR-0267,Class2,4 At,4, At
H-PR-0267,Class3,0,0,NA
H-PR-0267,Class4,2 At,2, At
H-PR-0267,Class5,0,0,NA
H-PR-0267,Class6,0,0,NA
H-PR-0267,Class7,0,0,NA
H-PR-0267,Class8,0,0,NA
H-PR-0268,Class2,0,0,NA
H-PR-0268,Class3,"2 Ep, 2 At",2,Ep
H-PR-0268,Class3,"2 Ep, 2 At",2,At
H-PR-0268,Class4,0,0,NA
H-PR-0268,Class5,0,0,NA
H-PR-0268,Class6,0,0,NA
H-PR-0268,Class7,0,0,NA
H-PR-0268,Class8,0,0,NA
H-PR-0269,Class2,0,0,NA
H-PR-0269,Class3,0,0,NA
H-PR-0269,Class4,0,0,NA
H-PR-0269,Class5,0,0,NA
H-PR-0269,Class6,0,0,NA
H-PR-0269,Class7,0,0,NA
H-PR-0269,Class8,0,0,NA
H-PR-0270,Class2,0,0,NA
H-PR-0270,Class3,0,0,NA
H-PR-0270,Class4,4 At,4, At
H-PR-0270,Class5,0,0,NA
H-PR-0270,Class6,0,0,NA
H-PR-0270,Class7,0,0,NA
H-PR-0270,Class8,0,0,NA
H-PR-0271,Class2,0,0,NA
H-PR-0271,Class3,1 At,1, At
H-PR-0271,Class4,2 At,2, At
H-PR-0271,Class5,0,0,NA
H-PR-0271,Class6,0,0,NA
H-PR-0271,Class7,0,0,NA
H-PR-0271,Class8,0,0,NA
H-PR-0272,Class2,0,0,NA
H-PR-0272,Class3,0,0,NA
H-PR-0272,Class4,0,0,NA
H-PR-0272,Class5,0,0,NA
H-PR-0272,Class6,0,0,NA
H-PR-0272,Class7,0,0,NA
H-PR-0272,Class8,0,0,NA
H-PR-0273,Class2,4 Ac,4, Ac
H-PR-0273,Class3,0,0,NA
H-PR-0273,Class4,0,0,NA
H-PR-0273,Class5,0,0,NA
H-PR-0273,Class6,0,0,NA
H-PR-0273,Class7,0,0,NA
H-PR-0273,Class8,0,0,NA
H-PR-0274,Class2,0,0,NA
H-PR-0274,Class3,0,0,NA
H-PR-0274,Class4,0,0,NA
H-PR-0274,Class5,0,0,NA
H-PR-0274,Class6,0,0,NA
H-PR-0274,Class7,0,0,NA
H-PR-0274,Class8,0,0,NA
H-PR-0275,Class2,1 Acb,1, Acb
H-PR-0275,Class3,3 Acb,3, Acb
H-PR-0275,Class4,4 Acb,4, Acb
H-PR-0275,Class5,0,0,NA
H-PR-0275,Class6,0,0,NA
H-PR-0275,Class7,0,0,NA
H-PR-0275,Class8,0,0,NA
H-PR-0276,Class2,0,0,NA
H-PR-0276,Class3,0,0,NA
H-PR-0276,Class4,0,0,NA
H-PR-0276,Class5,0,0,NA
H-PR-0276,Class6,0,0,NA
H-PR-0276,Class7,0,0,NA
H-PR-0276,Class8,0,0,NA
H-PR-0277,Class2,0,0,NA
H-PR-0277,Class3,0,0,NA
H-PR-0277,Class4,0,0,NA
H-PR-0277,Class5,0,0,NA
H-PR-0277,Class6,0,0,NA
H-PR-0277,Class7,0,0,NA
H-PR-0277,Class8,0,0,NA
H-PR-0278,Class2,0,0,NA
H-PR-0278,Class3,0,0,NA
H-PR-0278,Class4,0,0,NA
H-PR-0278,Class5,0,0,NA
H-PR-0278,Class6,0,0,NA
H-PR-0278,Class7,0,0,NA
H-PR-0278,Class8,0,0,NA
H-PR-0279,Class2,0,0,NA
H-PR-0279,Class3,0,0,NA
H-PR-0279,Class4,0,0,NA
H-PR-0279,Class5,0,0,NA
H-PR-0279,Class6,0,0,NA
H-PR-0279,Class7,0,0,NA
H-PR-0279,Class8,0,0,NA
H-PR-0280,Class2,0,0,NA
H-PR-0280,Class3,0,0,NA
H-PR-0280,Class4,0,0,NA
H-PR-0280,Class5,0,0,NA
H-PR-0280,Class6,0,0,NA
H-PR-0280,Class7,0,0,NA
H-PR-0280,Class8,0,0,NA
SIVI19-007,Class2,1D,1,Acb
SIVI19-007,Class3,0,0,Acb
SIVI19-007,Class4,0,0,NA
SIVI19-007,Class5,0,0,NA
SIVI19-007,Class6,0,0,NA
SIVI19-007,Class7,1D,1,Acb
SIVI19-007,Class8,0,0,Acb
SIVI19-027,Class2,0,0,NA
SIVI19-027,Class3,0,0,NA
SIVI19-027,Class4,2D,2,At
SIVI19-027,Class5,0,0,NA
SIVI19-027,Class6,0,0,NA
SIVI19-027,Class7,6D,6,At
SIVI19-027,Class8,0,0,NA
SIVI19-028,Class2,0,0,NA
SIVI19-028,Class3,3C,3,Sw
SIVI19-028,Class4,0,0,NA
SIVI19-028,Class5,0,0,NA
SIVI19-028,Class6,0,0,NA
SIVI19-028,Class7,0,0,NA
SIVI19-028,Class8,1C,1,Sw
SIVI19-029,Class2,0,0,NA
SIVI19-029,Class3,7C,7,Sw
SIVI19-029,Class4,0,0,NA
SIVI19-029,Class5,0,0,NA
SIVI19-029,Class6,0,0,NA
SIVI19-029,Class7,1C,1,Sw
SIVI19-029,Class8,0,0,NA
SIVI19-030,Class2,0,0,NA
SIVI19-030,Class3,4C,4,Sw
SIVI19-030,Class4,0,0,NA
SIVI19-030,Class5,0,0,NA
SIVI19-030,Class6,0,0,NA
SIVI19-030,Class7,2D,2,At
SIVI19-030,Class8,0,0,NA
SIVI19-032,Class2,0,0,NA
SIVI19-032,Class3,7C,7,Sw
SIVI19-032,Class4,0,0,NA
SIVI19-032,Class5,0,0,NA
SIVI19-032,Class6,0,0,NA
SIVI19-032,Class7,12C1D,12,Sw
SIVI19-032,Class7,12C1D,1,At
SIVI19-032,Class8,0,0,NA
SIVI19-039,Class2,0,0,NA
SIVI19-039,Class3,0,0,NA
SIVI19-039,Class4,1D,1,Acb
SIVI19-039,Class5,0,0,NA
SIVI19-039,Class6,0,0,NA
SIVI19-039,Class7,0,0,NA
SIVI19-039,Class8,0,0,NA
SIVI19-042,Class2,0,0,NA
SIVI19-042,Class3,1C,1,Sw
SIVI19-042,Class4,0,0,NA
SIVI19-042,Class5,0,0,NA
SIVI19-042,Class6,0,0,NA
SIVI19-042,Class7,0,0,NA
SIVI19-042,Class8,2C,2,Sw
SIVI19-046,Class2,0,0,NA
SIVI19-046,Class3,0,0,NA
SIVI19-046,Class4,0,0,NA
SIVI19-046,Class5,0,0,NA
SIVI19-046,Class6,0,0,NA
SIVI19-046,Class7,1D,1,Ep
SIVI19-046,Class8,0,0,NA
SIVI19-057,Class2,1C,1,Sw
SIVI19-057,Class3,4C,4,Sw
SIVI19-057,Class4,0,0,NA
SIVI19-057,Class5,0,0,NA
SIVI19-057,Class6,0,0,NA
SIVI19-057,Class7,0,0,NA
SIVI19-057,Class8,0,0,NA
SIVI19-058,Class2,0,0,NA
SIVI19-058,Class3,0,0,NA
SIVI19-058,Class4,0,0,NA
SIVI19-058,Class5,0,0,NA
SIVI19-058,Class6,0,0,NA
SIVI19-058,Class7,0,0,NA
SIVI19-058,Class8,0,0,NA
SIVI19-060,Class2,0,0,NA
SIVI19-060,Class3,0,0,NA
SIVI19-060,Class4,0,0,NA
SIVI19-060,Class5,0,0,NA
SIVI19-060,Class6,0,0,NA
SIVI19-060,Class7,0,0,NA
SIVI19-060,Class8,0,0,NA
SIVI19-062,Class2,0,0,NA
SIVI19-062,Class3,3D,3,At
SIVI19-062,Class4,0,0,NA
SIVI19-062,Class5,0,0,NA
SIVI19-062,Class6,0,0,NA
SIVI19-062,Class7,3D,3,At
SIVI19-062,Class8,0,0,NA
SIVI19-063,Class2,1C,1,Sw
SIVI19-063,Class3,0,0,NA
SIVI19-063,Class4,0,0,NA
SIVI19-063,Class5,0,0,NA
SIVI19-063,Class6,0,0,NA
SIVI19-063,Class7,3D1C,3,At
SIVI19-063,Class7,3D1C,1,Sw
SIVI19-063,Class8,0,0,NA
SIVI19-064,Class2,0,0,NA
SIVI19-064,Class3,2C,2,Sw
SIVI19-064,Class4,0,0,NA
SIVI19-064,Class5,0,0,NA
SIVI19-064,Class6,0,0,NA
SIVI19-064,Class7,0,0,NA
SIVI19-064,Class8,0,0,NA
SIVI19-066,Class2,2D1C,2,Acb
SIVI19-066,Class2,2D1C,1,Sw
SIVI19-066,Class3,1D,1,Acb
SIVI19-066,Class4,0,0,NA
SIVI19-066,Class5,0,0,NA
SIVI19-066,Class6,0,0,NA
SIVI19-066,Class7,0,0,NA
SIVI19-066,Class8,0,0,NA
SIVI19-067,Class2,1D,1,Ep
SIVI19-067,Class3,1D,1,Acb
SIVI19-067,Class4,0,0,NA
SIVI19-067,Class5,0,0,NA
SIVI19-067,Class6,0,0,NA
SIVI19-067,Class7,1D,1,Acb
SIVI19-067,Class8,0,0,NA
SIVI19-068,Class2,1C,1,Sw
SIVI19-068,Class3,0,0,NA
SIVI19-068,Class4,0,0,NA
SIVI19-068,Class5,0,0,NA
SIVI19-068,Class6,0,0,NA
SIVI19-068,Class7,1D,1,Acb
SIVI19-068,Class8,0,0,NA
SIVI19-069,Class2,1C,1,Sw
SIVI19-069,Class3,0,0,NA
SIVI19-069,Class4,0,0,NA
SIVI19-069,Class5,0,0,NA
SIVI19-069,Class6,1C,1,Sw
SIVI19-069,Class7,0,0,NA
SIVI19-069,Class8,0,0,NA
SIVI19-070,Class2,0,0,NA
SIVI19-070,Class3,0,0,NA
SIVI19-070,Class4,0,0,NA
SIVI19-070,Class5,0,0,NA
SIVI19-070,Class6,0,0,NA
SIVI19-070,Class7,0,0,NA
SIVI19-070,Class8,0,0,NA
SIVI19-071,Class2,0,0,NA
SIVI19-071,Class3,0,0,NA
SIVI19-071,Class4,0,0,NA
SIVI19-071,Class5,0,0,NA
SIVI19-071,Class6,0,0,NA
SIVI19-071,Class7,2D,2,At
SIVI19-071,Class8,0,0,NA
SIVI19-073,Class2,0,0,NA
SIVI19-073,Class3,1C,1,Sw
SIVI19-073,Class4,1D,1,At
SIVI19-073,Class5,0,0,NA
SIVI19-073,Class6,0,0,NA
SIVI19-073,Class7,0,0,NA
SIVI19-073,Class8,0,0,NA
SIVI19-074,Class2,2D,2,At
SIVI19-074,Class3,0,0,NA
SIVI19-074,Class4,0,0,NA
SIVI19-074,Class5,0,0,NA
SIVI19-074,Class6,0,0,NA
SIVI19-074,Class7,1D,1,Ep
SIVI19-074,Class8,3C,3,Sw
SIVI19-076,Class2,2D,2,Acb
SIVI19-076,Class3,0,0,NA
SIVI19-076,Class4,0,0,NA
SIVI19-076,Class5,0,0,NA
SIVI19-076,Class6,0,0,NA
SIVI19-076,Class7,0,0,NA
SIVI19-076,Class8,0,0,NA
SIVI19-077,Class2,0,0,NA
SIVI19-077,Class3,1D,1,At
SIVI19-077,Class4,1D,1,At
SIVI19-077,Class5,0,0,NA
SIVI19-077,Class6,0,0,NA
SIVI19-077,Class7,6D,6,At
SIVI19-077,Class8,0,0,NA
SIVI19-078,Class2,1D,1,Ep
SIVI19-078,Class3,0,0,NA
SIVI19-078,Class4,0,0,NA
SIVI19-078,Class5,1D,1,At
SIVI19-078,Class6,0,0,NA
SIVI19-078,Class7,0,0,NA
SIVI19-078,Class8,0,0,NA
SIVI19-081,Class2,0,0,NA
SIVI19-081,Class3,0,0,NA
SIVI19-081,Class4,2D,2,At
SIVI19-081,Class5,0,0,NA
SIVI19-081,Class6,0,0,NA
SIVI19-081,Class7,4D,4,At
SIVI19-081,Class8,0,0,NA
SIVI19-082,Class2,1C,1,Sw
SIVI19-082,Class3,3D,3,At
SIVI19-082,Class4,0,0,NA
SIVI19-082,Class5,0,0,NA
SIVI19-082,Class6,0,0,NA
SIVI19-082,Class7,0,0,NA
SIVI19-082,Class8,0,0,NA
SIVI19-083,Class2,0,0,NA
SIVI19-083,Class3,0,0,NA
SIVI19-083,Class4,0,0,NA
SIVI19-083,Class5,0,0,NA
SIVI19-083,Class6,0,0,NA
SIVI19-083,Class7,3D,3,Ep
SIVI19-083,Class8,1C,1,Sw
SIVI19-084,Class2,1D,1,At
SIVI19-084,Class3,0,0,NA
SIVI19-084,Class4,0,0,NA
SIVI19-084,Class5,0,0,NA
SIVI19-084,Class6,0,0,NA
SIVI19-084,Class7,5D,5,At
SIVI19-084,Class8,0,0,NA
SIVI19-086,Class2,0,0,NA
SIVI19-086,Class3,0,0,NA
SIVI19-086,Class4,0,0,NA
SIVI19-086,Class5,0,0,NA
SIVI19-086,Class6,0,0,NA
SIVI19-086,Class7,5D,5,At
SIVI19-086,Class8,0,0,NA
SIVI19-088,Class2,1D,1,At
SIVI19-088,Class3,1D,1,Ep
SIVI19-088,Class4,0,0,NA
SIVI19-088,Class5,0,0,NA
SIVI19-088,Class6,0,0,NA
SIVI19-088,Class7,0,0,NA
SIVI19-088,Class8,0,0,NA
SIVI19-089,Class2,0,0,NA
SIVI19-089,Class3,0,0,NA
SIVI19-089,Class4,4D,4,At
SIVI19-089,Class5,0,0,NA
SIVI19-089,Class6,0,0,NA
SIVI19-089,Class7,2D,2,At
SIVI19-089,Class8,0,0,NA
SIVI19-090,Class2,0,0,NA
SIVI19-090,Class3,0,0,NA
SIVI19-090,Class4,1C,1,Sw
SIVI19-090,Class5,0,0,NA
SIVI19-090,Class6,0,0,NA
SIVI19-090,Class7,0,0,NA
SIVI19-090,Class8,0,0,NA
SIVI19-092,Class2,0,0,NA
SIVI19-092,Class3,1D,1,Acb
SIVI19-092,Class4,0,0,NA
SIVI19-092,Class5,0,0,NA
SIVI19-092,Class6,0,0,NA
SIVI19-092,Class7,0,0,NA
SIVI19-092,Class8,0,0,NA
SIVI19-093,Class2,0,0,NA
SIVI19-093,Class3,0,0,NA
SIVI19-093,Class4,0,0,NA
SIVI19-093,Class5,0,0,NA
SIVI19-093,Class6,0,0,NA
SIVI19-093,Class7,1D,1,Acb
SIVI19-093,Class8,0,0,NA
SIVI19-094,Class2,0,0,NA
SIVI19-094,Class3,0,0,NA
SIVI19-094,Class4,0,0,NA
SIVI19-094,Class5,0,0,NA
SIVI19-094,Class6,0,0,NA
SIVI19-094,Class7,1D,1,Ep
SIVI19-094,Class8,0,0,NA
SIVI19-096,Class2,0,0,NA
SIVI19-096,Class3,0,0,NA
SIVI19-096,Class4,0,0,NA
SIVI19-096,Class5,0,0,NA
SIVI19-096,Class6,0,0,NA
SIVI19-096,Class7,0,0,NA
SIVI19-096,Class8,0,0,NA
SIVI19-097,Class2,0,0,NA
SIVI19-097,Class3,0,0,NA
SIVI19-097,Class4,2D,2,At
SIVI19-097,Class5,0,0,NA
SIVI19-097,Class6,0,0,NA
SIVI19-097,Class7,5D,5,At
SIVI19-097,Class8,0,0,NA
SIVI19-100,Class2,0,0,NA
SIVI19-100,Class3,0,0,NA
SIVI19-100,Class4,0,0,NA
SIVI19-100,Class5,0,0,NA
SIVI19-100,Class6,0,0,NA
SIVI19-100,Class7,1D,1,Ep
SIVI19-100,Class8,0,0,NA
SIVI19-116,Class2,0,0,NA
SIVI19-116,Class3,0,0,NA
SIVI19-116,Class4,0,0,NA
SIVI19-116,Class5,0,0,NA
SIVI19-116,Class6,0,0,NA
SIVI19-116,Class7,0,0,NA
SIVI19-116,Class8,0,0,NA
SIVI19-135,Class2,1D,1,Acb
SIVI19-135,Class3,0,0,NA
SIVI19-135,Class4,0,0,NA
SIVI19-135,Class5,0,0,NA
SIVI19-135,Class6,0,0,NA
SIVI19-135,Class7,0,0,NA
SIVI19-135,Class8,0,0,NA
SIVI19-137,Class2,2D,2,Ep
SIVI19-137,Class3,2D,2,Ep
SIVI19-137,Class4,1D,1,Ep
SIVI19-137,Class5,0,0,NA
SIVI19-137,Class6,0,0,NA
SIVI19-137,Class7,0,0,NA
SIVI19-137,Class8,0,0,NA
SIVI19-139,Class2,0,0,NA
SIVI19-139,Class3,1D,1,Ep
SIVI19-139,Class4,0,0,NA
SIVI19-139,Class5,0,0,NA
SIVI19-139,Class6,0,0,NA
SIVI19-139,Class7,1D,1,Acb
SIVI19-139,Class8,0,0,NA
SIVI19-143,Class2,1D,1,Ep
SIVI19-143,Class3,0,0,NA
SIVI19-143,Class4,0,0,NA
SIVI19-143,Class5,0,0,NA
SIVI19-143,Class6,0,0,NA
SIVI19-143,Class7,0,0,NA
SIVI19-143,Class8,0,0,NA
SIVI19-150,Class2,0,0,NA
SIVI19-150,Class3,0,0,NA
SIVI19-150,Class4,3D,3,At
SIVI19-150,Class5,0,0,NA
SIVI19-150,Class6,0,0,NA
SIVI19-150,Class7,4D,4,At
SIVI19-150,Class8,0,0,NA
SIVI19-153,Class2,1D,1,At
SIVI19-153,Class3,1D,1,At
SIVI19-153,Class4,0,0,NA
SIVI19-153,Class5,0,0,NA
SIVI19-153,Class6,0,0,NA
SIVI19-153,Class7,1D,1,At
SIVI19-153,Class8,0,0,NA
SIVI19-156,Class2,0,0,NA
SIVI19-156,Class3,1D,1,Acb
SIVI19-156,Class4,0,0,NA
SIVI19-156,Class5,0,0,NA
SIVI19-156,Class6,0,0,NA
SIVI19-156,Class7,0,0,NA
SIVI19-156,Class8,1C,1,Sw
SIVI19-158,Class2,0,0,NA
SIVI19-158,Class3,4D,4,At
SIVI19-158,Class4,1C,1,Sw
SIVI19-158,Class5,0,0,NA
SIVI19-158,Class6,0,0,NA
SIVI19-158,Class7,1D,1,At
SIVI19-158,Class8,0,0,NA
SIVI19-160,Class2,0,0,NA
SIVI19-160,Class3,0,0,NA
SIVI19-160,Class4,0,0,NA
SIVI19-160,Class5,0,0,NA
SIVI19-160,Class6,0,0,NA
SIVI19-160,Class7,3D,3,Acb
SIVI19-160,Class8,0,0,NA
SIVI19-161,Class2,0,0,NA
SIVI19-161,Class3,2D1C,2,At
SIVI19-161,Class3,2D1C,1,Sw
SIVI19-161,Class4,1D,1,At
SIVI19-161,Class5,0,0,NA
SIVI19-161,Class6,0,0,NA
SIVI19-161,Class7,1C,1,Sw
SIVI19-161,Class8,1C,1,Sw
SIVI19-162,Class2,0,0,NA
SIVI19-162,Class3,1D,1,At
SIVI19-162,Class4,2C,2,Sw
SIVI19-162,Class5,2C,2,Sw
SIVI19-162,Class6,3C,3,Sw
SIVI19-162,Class7,1D,1,At
SIVI19-162,Class8,0,0,NA
SIVI19-163,Class2,1D,1,Acb
SIVI19-163,Class3,1D,1,At
SIVI19-163,Class4,2D,2,At
SIVI19-163,Class5,0,0,NA
SIVI19-163,Class6,0,0,NA
SIVI19-163,Class7,1D,1,Acb
SIVI19-163,Class8,0,0,NA
SIVI19-164,Class2,0,0,NA
SIVI19-164,Class3,0,0,NA
SIVI19-164,Class4,1D,1,At
SIVI19-164,Class5,0,0,NA
SIVI19-164,Class6,0,0,NA
SIVI19-164,Class7,8D,8,Ep
SIVI19-164,Class8,0,0,NA
SIVI19-165,Class2,5C,5,Sw
SIVI19-165,Class3,4C,4,Sw
SIVI19-165,Class4,0,0,NA
SIVI19-165,Class5,0,0,NA
SIVI19-165,Class6,0,0,NA
SIVI19-165,Class7,0,0,NA
SIVI19-165,Class8,0,0,NA
SIVI19-167,Class2,0,0,NA
SIVI19-167,Class3,2D,2,At
SIVI19-167,Class4,0,0,NA
SIVI19-167,Class5,0,0,NA
SIVI19-167,Class6,1C,1,Pl
SIVI19-167,Class7,0,0,NA
SIVI19-167,Class8,0,0,NA
SIVI19-168,Class2,0,0,NA
SIVI19-168,Class3,5C,5,Sw
SIVI19-168,Class4,1C2D,1,Sw
SIVI19-168,Class4,1C2D,2,Ep
SIVI19-168,Class5,0,0,NA
SIVI19-168,Class6,0,0,NA
SIVI19-168,Class7,0,0,NA
SIVI19-168,Class8,0,0,NA
SIVI19-172,Class2,0,0,NA
SIVI19-172,Class3,2C,2,Sw
SIVI19-172,Class4,3C,3,Pl
SIVI19-172,Class5,0,0,NA
SIVI19-172,Class6,0,0,NA
SIVI19-172,Class7,0,0,NA
SIVI19-172,Class8,0,0,NA
SIVI19-173,Class2,3D,3,Acb
SIVI19-173,Class3,0,0,NA
SIVI19-173,Class4,0,0,NA
SIVI19-173,Class5,0,0,NA
SIVI19-173,Class6,0,0,NA
SIVI19-173,Class7,0,0,NA
SIVI19-173,Class8,0,0,NA
SIVI19-176,Class2,0,0,NA
SIVI19-176,Class3,2C,2,Sw
SIVI19-176,Class4,0,0,NA
SIVI19-176,Class5,0,0,NA
SIVI19-176,Class6,0,0,NA
SIVI19-176,Class7,0,0,NA
SIVI19-176,Class8,0,0,NA
SIVI19-183,Class2,0,0,NA
SIVI19-183,Class3,6C,6,Sw
SIVI19-183,Class4,1C1D,1,Sw
SIVI19-183,Class4,1C1D,1,Ep
SIVI19-183,Class5,0,0,NA
SIVI19-183,Class6,1C,1,Sw
SIVI19-183,Class7,1D,1,Ep
SIVI19-183,Class8,1C,1,Sw
SIVI19-184,Class2,1D,1,Acb
SIVI19-184,Class3,0,0,NA
SIVI19-184,Class4,0,0,NA
SIVI19-184,Class5,0,0,NA
SIVI19-184,Class6,0,0,NA
SIVI19-184,Class7,2D,2,Acb
SIVI19-184,Class8,0,0,NA
SIVI19-188,Class2,1C,1,Sw
SIVI19-188,Class3,0,0,NA
SIVI19-188,Class4,1D,1,Ep
SIVI19-188,Class5,0,0,NA
SIVI19-188,Class6,0,0,NA
SIVI19-188,Class7,0,0,NA
SIVI19-188,Class8,0,0,NA
SIVI19-190,Class2,0,0,NA
SIVI19-190,Class3,1C2D,1,Sw
SIVI19-190,Class3,1C2D,2,At
SIVI19-190,Class4,0,0,NA
SIVI19-190,Class5,0,0,NA
SIVI19-190,Class6,0,0,NA
SIVI19-190,Class7,0,0,NA
SIVI19-190,Class8,0,0,NA
SIVI19-193,Class2,0,0,NA
SIVI19-193,Class3,0,0,NA
SIVI19-193,Class4,0,0,NA
SIVI19-193,Class5,0,0,NA
SIVI19-193,Class6,0,0,NA
SIVI19-193,Class7,1C,1,Sw
SIVI19-193,Class8,0,0,NA
SIVI19-195,Class2,0,0,NA
SIVI19-195,Class3,1C,1,Sw
SIVI19-195,Class4,2D,2,Ep
SIVI19-195,Class5,0,0,NA
SIVI19-195,Class6,0,0,NA
SIVI19-195,Class7,1C2D,1,Sw
SIVI19-195,Class7,1C2D,2,Ep
SIVI19-195,Class8,2C,2,Sw
SIVI19-196,Class2,0,0,NA
SIVI19-196,Class3,0,0,NA
SIVI19-196,Class4,0,0,NA
SIVI19-196,Class5,0,0,NA
SIVI19-196,Class6,0,0,NA
SIVI19-196,Class7,6D,6,At
SIVI19-196,Class8,0,0,NA
SIVI19-198,Class2,0,0,NA
SIVI19-198,Class3,2C,2,Sw
SIVI19-198,Class4,1C,1,Sw
SIVI19-198,Class5,0,0,NA
SIVI19-198,Class6,0,0,NA
SIVI19-198,Class7,1D,1,Acb
SIVI19-198,Class8,0,0,NA
SIVI19-199,Class2,2,2,At
SIVI19-199,Class3,0,0,NA
SIVI19-199,Class4,0,0,NA
SIVI19-199,Class5,0,0,NA
SIVI19-199,Class6,1C,1,Sw
SIVI19-199,Class7,0,0,NA
SIVI19-199,Class8,0,0,NA
SIVI19-200,Class2,0,0,NA
SIVI19-200,Class3,0,0,NA
SIVI19-200,Class4,0,0,NA
SIVI19-200,Class5,3D,3,At
SIVI19-200,Class6,0,0,NA
SIVI19-200,Class7,3D,3,Ep
SIVI19-200,Class8,0,0,NA
SIVI19-202,Class2,0,0,NA
SIVI19-202,Class3,0,0,NA
SIVI19-202,Class4,0,0,NA
SIVI19-202,Class5,0,0,NA
SIVI19-202,Class6,0,0,NA
SIVI19-202,Class7,0,0,NA
SIVI19-202,Class8,1C,1,Sw
SIVI19-204,Class2,0,0,NA
SIVI19-204,Class3,1D,1,At
SIVI19-204,Class4,0,0,NA
SIVI19-204,Class5,0,0,NA
SIVI19-204,Class6,0,0,NA
SIVI19-204,Class7,0,0,NA
SIVI19-204,Class8,0,0,NA
SIVI19-206,Class2,0,0,NA
SIVI19-206,Class3,6C,6,Lt
SIVI19-206,Class4,0,0,NA
SIVI19-206,Class5,0,0,NA
SIVI19-206,Class6,0,0,NA
SIVI19-206,Class7,1C,1,Lt
SIVI19-206,Class8,2C,2,Lt
